HTML and CSS,JavaScript,Server Side,Programming,Web Building,XML Tutorials,References,Exercises
Learn HTML,Learn JavaScript,Learn SQL,Learn Python,Web Templates,Learn XML,HTML Reference,HTML Exercises
Learn CSS,Learn jQuery,Learn PHP 5,Learn Java,Web Statistics,Learn XML AJAX,CSS Reference,CSS Exercises
Learn Bootstrap,Learn React,Learn PHP 7,Learn C++,Web Certificates,Learn XML DOM,JS Reference,JavaScript Exercises
Learn W3.CSS,Learn AngularJS,Learn ASP,,Web Editor,Learn XML DTD,SQL Reference,SQL Exercises
Learn Colors,Learn JSON,Learn Node.js,,Web Development,Learn XML Schema,PHP Reference,PHP Exercises
Learn Icons,Learn AJAX,Learn Raspberry Pi,,,Learn XSLT,jQuery Reference,Python Exercises
Learn Graphics,Learn W3.JS,,,,Learn XPath,Python Reference,Java Exercises
Learn How To,,,,,Learn XQuery,Bootstrap 3 Reference,C++ Exercises
Learn Sass,,,,,,Bootstrap 4 Reference,Bootstrap Exercises
,,,,,,W3.CSS Reference,
,,,,,,Java Reference,
,,,,,,Angular Reference,
,,,,,,Sass Reference,
,,,,,,UTF-8 Reference,
