Game Description,Price($),Producer
The Crew 2 PS4,20.24,by Ubisoft
Final Fantasy XII The Zodiac Age (PS4),11.43,ESRB Rating: Everyone | by Square Enix
Home Sweet Home (PS4),23.28,by Koch Distribution
Red Dead Redemption 2 with Collectible SteelBook (Exclusive to Amazon.co.uk) (PS4),50.61,by Rockstar Games
Sniper Elite V2 Remastered (PS4),30.36,ESRB Rating: Everyone | by Sold Out Sales and Marketing
Redeemer Enhanced Edition (PS4),24.64,ESRB Rating: Teen | by Koch Distribution
PS4 EA Star Wars Battlefront Exclusive Trading Disc by Topps,33.75,
Cities Skylines (PS4),21.25,ESRB Rating: Everyone | by Deep Silver
Tom Clancy's The Division 2 Limited Amazon Edition (Exclusive to Amazon.co.uk) (PS4),33.81,ESRB Rating: Adults Only | by Ubisoft
Paw Patrol: On a roll! (PS4),22.72,by Bandai
Digimon World: Next Order (PS4),20.24,by Bandai
MotoGP19 (PS4),35.42,ESRB Rating: Everyone | by Koch Distribution
Dirt Rally (PS4),19.23,by Codemasters
Darkest Dungeon Collector's Edition (PS4),23.80,by Merge Games
EVERSPACE Stellar Edition (PS4),26.76,ESRB Rating: Everyone | by Funbox Media
Compact Controller Nacon Wired Illuminated Red For PS4,34.43,
