Rank,Movie Name,Director,Year Published,Rating,Total Users Rated,Image links
1,The Shawshank Redemption,"Frank Darabont (dir.), Tim Robbins, Morgan Freeman",1994,9.2,2125291,"https://m.media-amazon.com/images/M/MV5BMDFkYTc0MGEtZmNhMC00ZDIzLWFmNTEtODM1ZmRlYWMwMWFmXkEyXkFqcGdeQXVyMTMxODk2OTU@._V1_UY67_CR0,0,45,67_AL_.jpg"
2,The Godfather,"Francis Ford Coppola (dir.), Marlon Brando, Al Pacino",1972,9.1,1459232,"https://m.media-amazon.com/images/M/MV5BM2MyNjYxNmUtYTAwNi00MTYxLWJmNWYtYzZlODY3ZTk3OTFlXkEyXkFqcGdeQXVyNzkwMjQ5NzM@._V1_UY67_CR1,0,45,67_AL_.jpg"
3,The Godfather: Part II,"Francis Ford Coppola (dir.), Al Pacino, Robert De Niro",1974,9,1014893,"https://m.media-amazon.com/images/M/MV5BMWMwMGQzZTItY2JlNC00OWZiLWIyMDctNDk2ZDQ2YjRjMWQ0XkEyXkFqcGdeQXVyNzkwMjQ5NzM@._V1_UY67_CR1,0,45,67_AL_.jpg"
4,The Dark Knight,"Christopher Nolan (dir.), Christian Bale, Heath Ledger",2008,9,2090246,"https://m.media-amazon.com/images/M/MV5BMTMxNTMwODM0NF5BMl5BanBnXkFtZTcwODAyMTk2Mw@@._V1_UY67_CR0,0,45,67_AL_.jpg"
5,12 Angry Men,"Sidney Lumet (dir.), Henry Fonda, Lee J. Cobb",1957,8.9,605372,"https://m.media-amazon.com/images/M/MV5BMWU4N2FjNzYtNTVkNC00NzQ0LTg0MjAtYTJlMjFhNGUxZDFmXkEyXkFqcGdeQXVyNjc1NTYyMjg@._V1_UX45_CR0,0,45,67_AL_.jpg"
6,Schindler's List,"Steven Spielberg (dir.), Liam Neeson, Ralph Fiennes",1993,8.9,1102864,"https://m.media-amazon.com/images/M/MV5BNDE4OTMxMTctNmRhYy00NWE2LTg3YzItYTk3M2UwOTU5Njg4XkEyXkFqcGdeQXVyNjU0OTQ0OTY@._V1_UX45_CR0,0,45,67_AL_.jpg"
7,The Lord of the Rings: The Return of the King,"Peter Jackson (dir.), Elijah Wood, Viggo Mortensen",2003,8.9,1512055,"https://m.media-amazon.com/images/M/MV5BNzA5ZDNlZWMtM2NhNS00NDJjLTk4NDItYTRmY2EwMWZlMTY3XkEyXkFqcGdeQXVyNzkwMjQ5NzM@._V1_UY67_CR0,0,45,67_AL_.jpg"
8,Pulp Fiction,"Quentin Tarantino (dir.), John Travolta, Uma Thurman",1994,8.9,1665364,"https://m.media-amazon.com/images/M/MV5BNGNhMDIzZTUtNTBlZi00MTRlLWFjM2ItYzViMjE3YzI5MjljXkEyXkFqcGdeQXVyNzkwMjQ5NzM@._V1_UY67_CR0,0,45,67_AL_.jpg"
9,"Il buono, il brutto, il cattivo","Sergio Leone (dir.), Clint Eastwood, Eli Wallach",1966,8.8,631283,"https://m.media-amazon.com/images/M/MV5BOTQ5NDI3MTI4MF5BMl5BanBnXkFtZTgwNDQ4ODE5MDE@._V1_UX45_CR0,0,45,67_AL_.jpg"
10,Fight Club,"David Fincher (dir.), Brad Pitt, Edward Norton",1999,8.8,1698799,"https://m.media-amazon.com/images/M/MV5BMmEzNTkxYjQtZTc0MC00YTVjLTg5ZTEtZWMwOWVlYzY0NWIwXkEyXkFqcGdeQXVyNzkwMjQ5NzM@._V1_UX45_CR0,0,45,67_AL_.jpg"
11,The Lord of the Rings: The Fellowship of the Ring,"Peter Jackson (dir.), Elijah Wood, Ian McKellen",2001,8.8,1527628,"https://m.media-amazon.com/images/M/MV5BN2EyZjM3NzUtNWUzMi00MTgxLWI0NTctMzY4M2VlOTdjZWRiXkEyXkFqcGdeQXVyNDUzOTQ5MjY@._V1_UY67_CR0,0,45,67_AL_.jpg"
12,Forrest Gump,"Robert Zemeckis (dir.), Tom Hanks, Robin Wright",1994,8.8,1634499,"https://m.media-amazon.com/images/M/MV5BNWIwODRlZTUtY2U3ZS00Yzg1LWJhNzYtMmZiYmEyNmU1NjMzXkEyXkFqcGdeQXVyMTQxNzMzNDI@._V1_UY67_CR0,0,45,67_AL_.jpg"
13,Inception,"Christopher Nolan (dir.), Leonardo DiCaprio, Joseph Gordon-Levitt",2010,8.7,1863429,"https://m.media-amazon.com/images/M/MV5BMjAxMzY3NjcxNF5BMl5BanBnXkFtZTcwNTI5OTM0Mw@@._V1_UY67_CR0,0,45,67_AL_.jpg"
14,Star Wars: Episode V - The Empire Strikes Back,"Irvin Kershner (dir.), Mark Hamill, Harrison Ford",1980,8.7,1064216,"https://m.media-amazon.com/images/M/MV5BYmU1NDRjNDgtMzhiMi00NjZmLTg5NGItZDNiZjU5NTU4OTE0XkEyXkFqcGdeQXVyNzkwMjQ5NzM@._V1_UX45_CR0,0,45,67_AL_.jpg"
15,The Lord of the Rings: The Two Towers,"Peter Jackson (dir.), Elijah Wood, Ian McKellen",2002,8.7,1367470,"https://m.media-amazon.com/images/M/MV5BNGE5MzIyNTAtNWFlMC00NDA2LWJiMjItMjc4Yjg1OWM5NzhhXkEyXkFqcGdeQXVyNzkwMjQ5NzM@._V1_UY67_CR0,0,45,67_AL_.jpg"
16,The Matrix,"Lana Wachowski (dir.), Keanu Reeves, Laurence Fishburne",1999,8.6,1528932,"https://m.media-amazon.com/images/M/MV5BNzQzOTk3OTAtNDQ0Zi00ZTVkLWI0MTEtMDllZjNkYzNjNTc4L2ltYWdlXkEyXkFqcGdeQXVyNjU0OTQ0OTY@._V1_UX45_CR0,0,45,67_AL_.jpg"
17,One Flew Over the Cuckoo's Nest,"Milos Forman (dir.), Jack Nicholson, Louise Fletcher",1975,8.6,841149,"https://m.media-amazon.com/images/M/MV5BZjA0OWVhOTAtYWQxNi00YzNhLWI4ZjYtNjFjZTEyYjJlNDVlL2ltYWdlL2ltYWdlXkEyXkFqcGdeQXVyMTQxNzMzNDI@._V1_UY67_CR0,0,45,67_AL_.jpg"
18,Goodfellas,"Martin Scorsese (dir.), Robert De Niro, Ray Liotta",1990,8.6,918119,"https://m.media-amazon.com/images/M/MV5BY2NkZjEzMDgtN2RjYy00YzM1LWI4ZmQtMjIwYjFjNmI3ZGEwXkEyXkFqcGdeQXVyNzkwMjQ5NzM@._V1_UX45_CR0,0,45,67_AL_.jpg"
19,Shichinin no samurai,"Akira Kurosawa (dir.), Toshirô Mifune, Takashi Shimura",1954,8.6,287993,"https://m.media-amazon.com/images/M/MV5BOWE4ZDdhNmMtNzE5ZC00NzExLTlhNGMtY2ZhYjYzODEzODA1XkEyXkFqcGdeQXVyNTAyODkwOQ@@._V1_UY67_CR1,0,45,67_AL_.jpg"
20,Se7en,"David Fincher (dir.), Morgan Freeman, Brad Pitt",1995,8.6,1305334,"https://m.media-amazon.com/images/M/MV5BOTUwODM5MTctZjczMi00OTk4LTg3NWUtNmVhMTAzNTNjYjcyXkEyXkFqcGdeQXVyNjU0OTQ0OTY@._V1_UX45_CR0,0,45,67_AL_.jpg"
21,Cidade de Deus,"Fernando Meirelles (dir.), Alexandre Rodrigues, Leandro Firmino",2002,8.6,651480,"https://m.media-amazon.com/images/M/MV5BMGU5OWEwZDItNmNkMC00NzZmLTk1YTctNzVhZTJjM2NlZTVmXkEyXkFqcGdeQXVyMTMxODk2OTU@._V1_UY67_CR0,0,45,67_AL_.jpg"
22,La vita è bella,"Roberto Benigni (dir.), Roberto Benigni, Nicoletta Braschi",1997,8.6,560945,"https://m.media-amazon.com/images/M/MV5BYmJmM2Q4NmMtYThmNC00ZjRlLWEyZmItZTIwOTBlZDQ3NTQ1XkEyXkFqcGdeQXVyMTQxNzMzNDI@._V1_UX45_CR0,0,45,67_AL_.jpg"
23,The Silence of the Lambs,"Jonathan Demme (dir.), Jodie Foster, Anthony Hopkins",1991,8.6,1150342,"https://m.media-amazon.com/images/M/MV5BNjNhZTk0ZmEtNjJhMi00YzFlLWE1MmEtYzM1M2ZmMGMwMTU4XkEyXkFqcGdeQXVyNjU0OTQ0OTY@._V1_UY67_CR0,0,45,67_AL_.jpg"
24,Star Wars,"George Lucas (dir.), Mark Hamill, Harrison Ford",1977,8.6,1133184,"https://m.media-amazon.com/images/M/MV5BNzVlY2MwMjktM2E4OS00Y2Y3LWE3ZjctYzhkZGM3YzA1ZWM2XkEyXkFqcGdeQXVyNzkwMjQ5NzM@._V1_UX45_CR0,0,45,67_AL_.jpg"
25,It's a Wonderful Life,"Frank Capra (dir.), James Stewart, Donna Reed",1946,8.6,361731,"https://m.media-amazon.com/images/M/MV5BZjc4NDZhZWMtNGEzYS00ZWU2LThlM2ItNTA0YzQ0OTExMTE2XkEyXkFqcGdeQXVyNjUwMzI2NzU@._V1_UY67_CR0,0,45,67_AL_.jpg"
26,Saving Private Ryan,"Steven Spielberg (dir.), Tom Hanks, Matt Damon",1998,8.5,1125943,"https://m.media-amazon.com/images/M/MV5BZjhkMDM4MWItZTVjOC00ZDRhLThmYTAtM2I5NzBmNmNlMzI1XkEyXkFqcGdeQXVyNDYyMDk5MTU@._V1_UY67_CR0,0,45,67_AL_.jpg"
27,Sen to Chihiro no kamikakushi,"Hayao Miyazaki (dir.), Daveigh Chase, Suzanne Pleshette",2001,8.5,566893,"https://m.media-amazon.com/images/M/MV5BNmU5OTQ0OWQtOTY0OS00Yjg4LWE1NDYtNDRhYWMxYWY4OTMwXkEyXkFqcGdeQXVyNjU0OTQ0OTY@._V1_UY67_CR1,0,45,67_AL_.jpg"
28,The Green Mile,"Frank Darabont (dir.), Tom Hanks, Michael Clarke Duncan",1999,8.5,1031073,"https://m.media-amazon.com/images/M/MV5BMTUxMzQyNjA5MF5BMl5BanBnXkFtZTYwOTU2NTY3._V1_UY67_CR0,0,45,67_AL_.jpg"
29,Léon,"Luc Besson (dir.), Jean Reno, Gary Oldman",1994,8.5,939149,"https://m.media-amazon.com/images/M/MV5BZDAwYTlhMDEtNTg0OS00NDY2LWJjOWItNWY3YTZkM2UxYzUzXkEyXkFqcGdeQXVyNTA4NzY1MzY@._V1_UY67_CR1,0,45,67_AL_.jpg"
30,Interstellar,"Christopher Nolan (dir.), Matthew McConaughey, Anne Hathaway",2014,8.5,1320426,"https://m.media-amazon.com/images/M/MV5BZjdkOTU3MDktN2IxOS00OGEyLWFmMjktY2FiMmZkNWIyODZiXkEyXkFqcGdeQXVyMTMxODk2OTU@._V1_UY67_CR0,0,45,67_AL_.jpg"
31,The Usual Suspects,"Bryan Singer (dir.), Kevin Spacey, Gabriel Byrne",1995,8.5,917180,"https://m.media-amazon.com/images/M/MV5BYTViNjMyNmUtNDFkNC00ZDRlLThmMDUtZDU2YWE4NGI2ZjVmXkEyXkFqcGdeQXVyNjU0OTQ0OTY@._V1_UX45_CR0,0,45,67_AL_.jpg"
32,Avengers: Endgame,"Anthony Russo (dir.), Robert Downey Jr., Chris Evans",2019,8.5,528564,"https://m.media-amazon.com/images/M/MV5BMTc5MDE2ODcwNV5BMl5BanBnXkFtZTgwMzI2NzQ2NzM@._V1_UY67_CR0,0,45,67_AL_.jpg"
33,American History X,"Tony Kaye (dir.), Edward Norton, Edward Furlong",1998,8.5,960914,"https://m.media-amazon.com/images/M/MV5BZjA0MTM4MTQtNzY5MC00NzY3LWI1ZTgtYzcxMjkyMzU4MDZiXkEyXkFqcGdeQXVyNDYyMDk5MTU@._V1_UY67_CR0,0,45,67_AL_.jpg"
34,The Lion King,"Roger Allers (dir.), Matthew Broderick, Jeremy Irons",1994,8.5,855893,"https://m.media-amazon.com/images/M/MV5BYTYxNGMyZTYtMjE3MS00MzNjLWFjNmYtMDk3N2FmM2JiM2M1XkEyXkFqcGdeQXVyNjY5NDU4NzI@._V1_UY67_CR0,0,45,67_AL_.jpg"
35,Back to the Future,"Robert Zemeckis (dir.), Michael J. Fox, Christopher Lloyd",1985,8.5,949931,"https://m.media-amazon.com/images/M/MV5BZmU0M2Y1OGUtZjIxNi00ZjBkLTg1MjgtOWIyNThiZWIwYjRiXkEyXkFqcGdeQXVyMTQxNzMzNDI@._V1_UX45_CR0,0,45,67_AL_.jpg"
36,Modern Times,"Charles Chaplin (dir.), Charles Chaplin, Paulette Goddard",1936,8.5,194031,"https://m.media-amazon.com/images/M/MV5BYjJiZjMzYzktNjU0NS00OTkxLWEwYzItYzdhYWJjN2QzMTRlL2ltYWdlL2ltYWdlXkEyXkFqcGdeQXVyNjU0OTQ0OTY@._V1_UX45_CR0,0,45,67_AL_.jpg"
37,The Pianist,"Roman Polanski (dir.), Adrien Brody, Thomas Kretschmann",2002,8.5,653095,"https://m.media-amazon.com/images/M/MV5BOWRiZDIxZjktMTA1NC00MDQ2LWEzMjUtMTliZmY3NjQ3ODJiXkEyXkFqcGdeQXVyNjU0OTQ0OTY@._V1_UY67_CR2,0,45,67_AL_.jpg"
38,Terminator 2: Judgment Day,"James Cameron (dir.), Arnold Schwarzenegger, Linda Hamilton",1991,8.5,918829,"https://m.media-amazon.com/images/M/MV5BMGU2NzRmZjUtOGUxYS00ZjdjLWEwZWItY2NlM2JhNjkxNTFmXkEyXkFqcGdeQXVyNjU0OTQ0OTY@._V1_UY67_CR0,0,45,67_AL_.jpg"
39,The Intouchables,"Olivier Nakache (dir.), François Cluzet, Omar Sy",2011,8.5,686516,"https://m.media-amazon.com/images/M/MV5BMTYxNDA3MDQwNl5BMl5BanBnXkFtZTcwNTU4Mzc1Nw@@._V1_UY67_CR0,0,45,67_AL_.jpg"
40,Psycho,"Alfred Hitchcock (dir.), Anthony Perkins, Janet Leigh",1960,8.5,545761,"https://m.media-amazon.com/images/M/MV5BNTQwNDM1YzItNDAxZC00NWY2LTk0M2UtNDIwNWI5OGUyNWUxXkEyXkFqcGdeQXVyNzkwMjQ5NzM@._V1_UY67_CR0,0,45,67_AL_.jpg"
41,Gladiator,"Ridley Scott (dir.), Russell Crowe, Joaquin Phoenix",2000,8.5,1226963,"https://m.media-amazon.com/images/M/MV5BMDliMmNhNDEtODUyOS00MjNlLTgxODEtN2U3NzIxMGVkZTA1L2ltYWdlXkEyXkFqcGdeQXVyNjU0OTQ0OTY@._V1_UY67_CR0,0,45,67_AL_.jpg"
42,City Lights,"Charles Chaplin (dir.), Charles Chaplin, Virginia Cherrill",1931,8.5,150055,"https://m.media-amazon.com/images/M/MV5BY2I4MmM1N2EtM2YzOS00OWUzLTkzYzctNDc5NDg2N2IyODJmXkEyXkFqcGdeQXVyNzkwMjQ5NzM@._V1_UX45_CR0,0,45,67_AL_.jpg"
43,The Departed,"Martin Scorsese (dir.), Leonardo DiCaprio, Matt Damon",2006,8.5,1088492,"https://m.media-amazon.com/images/M/MV5BMTI1MTY2OTIxNV5BMl5BanBnXkFtZTYwNjQ4NjY3._V1_UY67_CR0,0,45,67_AL_.jpg"
44,Whiplash,"Damien Chazelle (dir.), Miles Teller, J.K. Simmons",2014,8.5,627636,"https://m.media-amazon.com/images/M/MV5BOTA5NDZlZGUtMjAxOS00YTRkLTkwYmMtYWQ0NWEwZDZiNjEzXkEyXkFqcGdeQXVyMTMxODk2OTU@._V1_UY67_CR0,0,45,67_AL_.jpg"
45,Once Upon a Time in the West,"Sergio Leone (dir.), Henry Fonda, Charles Bronson",1968,8.5,275276,"https://m.media-amazon.com/images/M/MV5BZGI5MjBmYzYtMzJhZi00NGI1LTk3MzItYjBjMzcxM2U3MDdiXkEyXkFqcGdeQXVyNzkwMjQ5NzM@._V1_UX45_CR0,0,45,67_AL_.jpg"
46,The Prestige,"Christopher Nolan (dir.), Christian Bale, Hugh Jackman",2006,8.5,1079089,"https://m.media-amazon.com/images/M/MV5BMjA4NDI0MTIxNF5BMl5BanBnXkFtZTYwNTM0MzY2._V1_UY67_CR0,0,45,67_AL_.jpg"
47,Casablanca,"Michael Curtiz (dir.), Humphrey Bogart, Ingrid Bergman",1942,8.4,481960,"https://m.media-amazon.com/images/M/MV5BY2IzZGY2YmEtYzljNS00NTM5LTgwMzUtMzM1NjQ4NGI0OTk0XkEyXkFqcGdeQXVyNDYyMDk5MTU@._V1_UX45_CR0,0,45,67_AL_.jpg"
48,Hotaru no haka,"Isao Takahata (dir.), Tsutomu Tatsumi, Ayano Shiraishi",1988,8.4,200979,"https://m.media-amazon.com/images/M/MV5BZmY2NjUzNDQtNTgxNC00M2Q4LTljOWQtMjNjNDBjNWUxNmJlXkEyXkFqcGdeQXVyNTA4NzY1MzY@._V1_UX45_CR0,0,45,67_AL_.jpg"
49,Rear Window,"Alfred Hitchcock (dir.), James Stewart, Grace Kelly",1954,8.4,404510,"https://m.media-amazon.com/images/M/MV5BNGUxYWM3M2MtMGM3Mi00ZmRiLWE0NGQtZjE5ODI2OTJhNTU0XkEyXkFqcGdeQXVyMTQxNzMzNDI@._V1_UY67_CR0,0,45,67_AL_.jpg"
50,Raiders of the Lost Ark,"Steven Spielberg (dir.), Harrison Ford, Karen Allen",1981,8.4,821996,"https://m.media-amazon.com/images/M/MV5BMjA0ODEzMTc1Nl5BMl5BanBnXkFtZTcwODM2MjAxNA@@._V1_UX45_CR0,0,45,67_AL_.jpg"
51,Nuovo Cinema Paradiso,"Giuseppe Tornatore (dir.), Philippe Noiret, Enzo Cannavale",1988,8.4,204881,"https://m.media-amazon.com/images/M/MV5BM2FhYjEyYmYtMDI1Yy00YTdlLWI2NWQtYmEzNzAxOGY1NjY2XkEyXkFqcGdeQXVyNTA3NTIyNDg@._V1_UY67_CR0,0,45,67_AL_.jpg"
52,Alien,"Ridley Scott (dir.), Sigourney Weaver, Tom Skerritt",1979,8.4,722984,"https://m.media-amazon.com/images/M/MV5BMmQ2MmU3NzktZjAxOC00ZDZhLTk4YzEtMDMyMzcxY2IwMDAyXkEyXkFqcGdeQXVyNzkwMjQ5NzM@._V1_UY67_CR0,0,45,67_AL_.jpg"
53,Memento,"Christopher Nolan (dir.), Guy Pearce, Carrie-Anne Moss",2000,8.4,1040645,"https://m.media-amazon.com/images/M/MV5BZTcyNjk1MjgtOWI3Mi00YzQwLWI5MTktMzY4ZmI2NDAyNzYzXkEyXkFqcGdeQXVyNjU0OTQ0OTY@._V1_UY67_CR0,0,45,67_AL_.jpg"
54,Apocalypse Now,"Francis Ford Coppola (dir.), Martin Sheen, Marlon Brando",1979,8.4,555587,"https://m.media-amazon.com/images/M/MV5BZTNkZmU0ZWQtZjQzMy00YTNmLWFmN2MtZGNkMmU1OThmMGYwXkEyXkFqcGdeQXVyNzkwMjQ5NzM@._V1_UX45_CR0,0,45,67_AL_.jpg"
55,The Great Dictator,"Charles Chaplin (dir.), Charles Chaplin, Paulette Goddard",1940,8.4,183644,"https://m.media-amazon.com/images/M/MV5BMmExYWJjNTktNGUyZS00ODhmLTkxYzAtNWIzOGEyMGNiMmUwXkEyXkFqcGdeQXVyNjU0OTQ0OTY@._V1_UY67_CR0,0,45,67_AL_.jpg"
56,The Lives of Others,"Florian Henckel von Donnersmarck (dir.), Ulrich Mühe, Martina Gedeck",2006,8.4,327004,"https://m.media-amazon.com/images/M/MV5BOThkM2EzYmMtNDE3NS00NjlhLTg4YzktYTdhNzgyOWY3ZDYzXkEyXkFqcGdeQXVyNzQzNzQxNzI@._V1_UY67_CR1,0,45,67_AL_.jpg"
57,Avengers: Infinity War,"Anthony Russo (dir.), Robert Downey Jr., Chris Hemsworth",2018,8.4,697954,"https://m.media-amazon.com/images/M/MV5BMjMxNjY2MDU1OV5BMl5BanBnXkFtZTgwNzY1MTUwNTM@._V1_UY67_CR0,0,45,67_AL_.jpg"
58,Spider-Man: Into the Spider-Verse,"Bob Persichetti (dir.), Shameik Moore, Jake Johnson",2018,8.4,246865,"https://m.media-amazon.com/images/M/MV5BMjMwNDkxMTgzOF5BMl5BanBnXkFtZTgwNTkwNTQ3NjM@._V1_UY67_CR0,0,45,67_AL_.jpg"
59,Django Unchained,"Quentin Tarantino (dir.), Jamie Foxx, Christoph Waltz",2012,8.4,1228137,"https://m.media-amazon.com/images/M/MV5BMjIyNTQ5NjQ1OV5BMl5BanBnXkFtZTcwODg1MDU4OA@@._V1_UY67_CR0,0,45,67_AL_.jpg"
60,The Shining,"Stanley Kubrick (dir.), Jack Nicholson, Shelley Duvall",1980,8.4,793401,"https://m.media-amazon.com/images/M/MV5BZWFlYmY2MGEtZjVkYS00YzU4LTg0YjQtYzY1ZGE3NTA5NGQxXkEyXkFqcGdeQXVyMTQxNzMzNDI@._V1_UX45_CR0,0,45,67_AL_.jpg"
61,Paths of Glory,"Stanley Kubrick (dir.), Kirk Douglas, Ralph Meeker",1957,8.4,159367,"https://m.media-amazon.com/images/M/MV5BNjViMmRkOTEtM2ViOS00ODg0LWJhYWEtNTBlOGQxNDczOGY3XkEyXkFqcGdeQXVyMDI2NDg0NQ@@._V1_UY67_CR1,0,45,67_AL_.jpg"
62,WALL·E,"Andrew Stanton (dir.), Ben Burtt, Elissa Knight",2008,8.4,918159,"https://m.media-amazon.com/images/M/MV5BMjExMTg5OTU0NF5BMl5BanBnXkFtZTcwMjMxMzMzMw@@._V1_UY67_CR0,0,45,67_AL_.jpg"
63,Sunset Blvd.,"Billy Wilder (dir.), William Holden, Gloria Swanson",1950,8.4,182049,"https://m.media-amazon.com/images/M/MV5BMTU0NTkyNzYwMF5BMl5BanBnXkFtZTgwMDU0NDk5MTI@._V1_UX45_CR0,0,45,67_AL_.jpg"
64,Dr. Strangelove or: How I Learned to Stop Worrying and Love the Bomb,"Stanley Kubrick (dir.), Peter Sellers, George C. Scott",1964,8.4,419126,"https://m.media-amazon.com/images/M/MV5BZWI3ZTMxNjctMjdlNS00NmUwLWFiM2YtZDUyY2I3N2MxYTE0XkEyXkFqcGdeQXVyNzkwMjQ5NzM@._V1_UX45_CR0,0,45,67_AL_.jpg"
65,Mononoke-hime,"Hayao Miyazaki (dir.), Yôji Matsuda, Yuriko Ishida",1997,8.4,299114,"https://m.media-amazon.com/images/M/MV5BMTVlNWM4NTAtNDQxYi00YWU5LWIwM2MtZmVjYWFmODZiODE5XkEyXkFqcGdeQXVyNjU0OTQ0OTY@._V1_UY67_CR1,0,45,67_AL_.jpg"
66,Oldeuboi,"Chan-wook Park (dir.), Min-sik Choi, Ji-tae Yu",2003,8.3,464826,"https://m.media-amazon.com/images/M/MV5BMTI3NTQyMzU5M15BMl5BanBnXkFtZTcwMTM2MjgyMQ@@._V1_UY67_CR0,0,45,67_AL_.jpg"
67,Witness for the Prosecution,"Billy Wilder (dir.), Tyrone Power, Marlene Dietrich",1957,8.3,94424,"https://m.media-amazon.com/images/M/MV5BZjEwMmE5MzYtYWExYy00ZjEzLTk4MjUtMmJmNzgxY2MxN2U1XkEyXkFqcGdeQXVyMTg2NTc4MzA@._V1_UY67_CR3,0,45,67_AL_.jpg"
68,The Dark Knight Rises,"Christopher Nolan (dir.), Christian Bale, Tom Hardy",2012,8.3,1401372,"https://m.media-amazon.com/images/M/MV5BMTk4ODQzNDY3Ml5BMl5BanBnXkFtZTcwODA0NTM4Nw@@._V1_UY67_CR0,0,45,67_AL_.jpg"
69,Once Upon a Time in America,"Sergio Leone (dir.), Robert De Niro, James Woods",1984,8.3,281525,"https://m.media-amazon.com/images/M/MV5BMGFkNWI4MTMtNGQ0OC00MWVmLTk3MTktOGYxN2Y2YWVkZWE2XkEyXkFqcGdeQXVyNjU0OTQ0OTY@._V1_UX45_CR0,0,45,67_AL_.jpg"
70,Aliens,"James Cameron (dir.), Sigourney Weaver, Michael Biehn",1986,8.3,607068,"https://m.media-amazon.com/images/M/MV5BZGU2OGY5ZTYtMWNhYy00NjZiLWI0NjUtZmNhY2JhNDRmODU3XkEyXkFqcGdeQXVyNzkwMjQ5NzM@._V1_UX45_CR0,0,45,67_AL_.jpg"
71,Coco,"Lee Unkrich (dir.), Anthony Gonzalez, Gael García Bernal",2017,8.3,289931,"https://m.media-amazon.com/images/M/MV5BYjQ5NjM0Y2YtNjZkNC00ZDhkLWJjMWItN2QyNzFkMDE3ZjAxXkEyXkFqcGdeQXVyODIxMzk5NjA@._V1_UY67_CR1,0,45,67_AL_.jpg"
72,American Beauty,"Sam Mendes (dir.), Kevin Spacey, Annette Bening",1999,8.3,998791,"https://m.media-amazon.com/images/M/MV5BNTBmZWJkNjctNDhiNC00MGE2LWEwOTctZTk5OGVhMWMyNmVhXkEyXkFqcGdeQXVyMTMxODk2OTU@._V1_UY67_CR0,0,45,67_AL_.jpg"
73,Kimi no na wa.,"Makoto Shinkai (dir.), Ryûnosuke Kamiki, Mone Kamishiraishi",2016,8.3,140535,"https://m.media-amazon.com/images/M/MV5BODRmZDVmNzUtZDA4ZC00NjhkLWI2M2UtN2M0ZDIzNDcxYThjL2ltYWdlXkEyXkFqcGdeQXVyNTk0MzMzODA@._V1_UY67_CR0,0,45,67_AL_.jpg"
74,Braveheart,"Mel Gibson (dir.), Mel Gibson, Sophie Marceau",1995,8.3,899265,"https://m.media-amazon.com/images/M/MV5BMzkzMmU0YTYtOWM3My00YzBmLWI0YzctOGYyNTkwMWE5MTJkXkEyXkFqcGdeQXVyNzkwMjQ5NzM@._V1_UY67_CR0,0,45,67_AL_.jpg"
75,Das Boot,"Wolfgang Petersen (dir.), Jürgen Prochnow, Herbert Grönemeyer",1981,8.3,212951,"https://m.media-amazon.com/images/M/MV5BNGRmOWY0MGUtNTVhMy00NzRlLTljNDAtNTBiNTRlODgxNmY2XkEyXkFqcGdeQXVyNjc1NTYyMjg@._V1_UY67_CR1,0,45,67_AL_.jpg"
76,3 Idiots,"Rajkumar Hirani (dir.), Aamir Khan, Madhavan",2009,8.3,305098,"https://m.media-amazon.com/images/M/MV5BNTkyOGVjMGEtNmQzZi00NzFlLTlhOWQtODYyMDc2ZGJmYzFhXkEyXkFqcGdeQXVyNjU0OTQ0OTY@._V1_UY67_CR1,0,45,67_AL_.jpg"
77,Taare Zameen Par,"Aamir Khan (dir.), Darsheel Safary, Aamir Khan",2007,8.3,145309,"https://m.media-amazon.com/images/M/MV5BNTVmYTk2NjAtYzY3MS00YjFjLTlkYzktYzg3YzMyZDQyOWRiXkEyXkFqcGdeQXVyNjQ2MjQ5NzM@._V1_UY67_CR0,0,45,67_AL_.jpg"
78,Star Wars: Episode VI - Return of the Jedi,"Richard Marquand (dir.), Mark Hamill, Harrison Ford",1983,8.3,871272,"https://m.media-amazon.com/images/M/MV5BOWZlMjFiYzgtMTUzNC00Y2IzLTk1NTMtZmNhMTczNTk0ODk1XkEyXkFqcGdeQXVyNTAyODkwOQ@@._V1_UX45_CR0,0,45,67_AL_.jpg"
79,Reservoir Dogs,"Quentin Tarantino (dir.), Harvey Keitel, Tim Roth",1992,8.3,837813,"https://m.media-amazon.com/images/M/MV5BZmExNmEwYWItYmQzOS00YjA5LTk2MjktZjEyZDE1Y2QxNjA1XkEyXkFqcGdeQXVyMTQxNzMzNDI@._V1_UX45_CR0,0,45,67_AL_.jpg"
80,Toy Story,"John Lasseter (dir.), Tom Hanks, Tim Allen",1995,8.3,809409,"https://m.media-amazon.com/images/M/MV5BMDU2ZWJlMjktMTRhMy00ZTA5LWEzNDgtYmNmZTEwZTViZWJkXkEyXkFqcGdeQXVyNDQ2OTk4MzI@._V1_UX45_CR0,0,45,67_AL_.jpg"
81,Amadeus,"Milos Forman (dir.), F. Murray Abraham, Tom Hulce",1984,8.3,340904,"https://m.media-amazon.com/images/M/MV5BNWJlNzUzNGMtYTAwMS00ZjI2LWFmNWQtODcxNWUxODA5YmU1XkEyXkFqcGdeQXVyNTIzOTk5ODM@._V1_UX45_CR0,0,45,67_AL_.jpg"
82,Dangal,"Nitesh Tiwari (dir.), Aamir Khan, Sakshi Tanwar",2016,8.3,127207,"https://m.media-amazon.com/images/M/MV5BMTQ4MzQzMzM2Nl5BMl5BanBnXkFtZTgwMTQ1NzU3MDI@._V1_UY67_CR1,0,45,67_AL_.jpg"
83,M - Eine Stadt sucht einen Mörder,"Fritz Lang (dir.), Peter Lorre, Ellen Widmann",1931,8.3,130052,"https://m.media-amazon.com/images/M/MV5BODA4ODk3OTEzMF5BMl5BanBnXkFtZTgwMTQ2ODMwMzE@._V1_UX45_CR0,0,45,67_AL_.jpg"
84,Requiem for a Dream,"Darren Aronofsky (dir.), Ellen Burstyn, Jared Leto",2000,8.3,707514,"https://m.media-amazon.com/images/M/MV5BOTdiNzJlOWUtNWMwNS00NmFlLWI0YTEtZmI3YjIzZWUyY2Y3XkEyXkFqcGdeQXVyNjU0OTQ0OTY@._V1_UX45_CR0,0,45,67_AL_.jpg"
85,Good Will Hunting,"Gus Van Sant (dir.), Robin Williams, Matt Damon",1997,8.3,777516,"https://m.media-amazon.com/images/M/MV5BOTI0MzcxMTYtZDVkMy00NjY1LTgyMTYtZmUxN2M3NmQ2NWJhXkEyXkFqcGdeQXVyMTQxNzMzNDI@._V1_UX45_CR0,0,45,67_AL_.jpg"
86,Vertigo,"Alfred Hitchcock (dir.), James Stewart, Kim Novak",1958,8.3,325109,"https://m.media-amazon.com/images/M/MV5BYTE4ODEwZDUtNDFjOC00NjAxLWEzYTQtYTI1NGVmZmFlNjdiL2ltYWdlL2ltYWdlXkEyXkFqcGdeQXVyNjc1NTYyMjg@._V1_UX45_CR0,0,45,67_AL_.jpg"
87,2001: A Space Odyssey,"Stanley Kubrick (dir.), Keir Dullea, Gary Lockwood",1968,8.3,549577,"https://m.media-amazon.com/images/M/MV5BMmNlYzRiNDctZWNhMi00MzI4LThkZTctMTUzMmZkMmFmNThmXkEyXkFqcGdeQXVyNzkwMjQ5NzM@._V1_UY67_CR0,0,45,67_AL_.jpg"
88,Inglourious Basterds,"Quentin Tarantino (dir.), Brad Pitt, Diane Kruger",2009,8.3,1138691,"https://m.media-amazon.com/images/M/MV5BOTJiNDEzOWYtMTVjOC00ZjlmLWE0NGMtZmE1OWVmZDQ2OWJhXkEyXkFqcGdeQXVyNTIzOTk5ODM@._V1_UY67_CR0,0,45,67_AL_.jpg"
89,Eternal Sunshine of the Spotless Mind,"Michel Gondry (dir.), Jim Carrey, Kate Winslet",2004,8.3,834012,"https://m.media-amazon.com/images/M/MV5BMTY4NzcwODg3Nl5BMl5BanBnXkFtZTcwNTEwOTMyMw@@._V1_UY67_CR0,0,45,67_AL_.jpg"
90,Citizen Kane,"Orson Welles (dir.), Orson Welles, Joseph Cotten",1941,8.3,367477,"https://m.media-amazon.com/images/M/MV5BYjBiOTYxZWItMzdiZi00NjlkLWIzZTYtYmFhZjhiMTljOTdkXkEyXkFqcGdeQXVyNzkwMjQ5NzM@._V1_UX45_CR0,0,45,67_AL_.jpg"
91,Full Metal Jacket,"Stanley Kubrick (dir.), Matthew Modine, R. Lee Ermey",1987,8.3,617397,"https://m.media-amazon.com/images/M/MV5BNzkxODk0NjEtYjc4Mi00ZDI0LTgyYjEtYzc1NDkxY2YzYTgyXkEyXkFqcGdeQXVyNzkwMjQ5NzM@._V1_UX45_CR0,0,45,67_AL_.jpg"
92,Jagten,"Thomas Vinterberg (dir.), Mads Mikkelsen, Thomas Bo Larsen",2012,8.3,246075,"https://m.media-amazon.com/images/M/MV5BMTg2NDg3ODg4NF5BMl5BanBnXkFtZTcwNzk3NTc3Nw@@._V1_UY67_CR1,0,45,67_AL_.jpg"
93,North by Northwest,"Alfred Hitchcock (dir.), Cary Grant, Eva Marie Saint",1959,8.3,275308,"https://m.media-amazon.com/images/M/MV5BZDA3NDExMTUtMDlhOC00MmQ5LWExZGUtYmI1NGVlZWI4OWNiXkEyXkFqcGdeQXVyNjc1NTYyMjg@._V1_UX45_CR0,0,45,67_AL_.jpg"
94,A Clockwork Orange,"Stanley Kubrick (dir.), Malcolm McDowell, Patrick Magee",1971,8.3,697627,"https://m.media-amazon.com/images/M/MV5BMTY3MjM1Mzc4N15BMl5BanBnXkFtZTgwODM0NzAxMDE@._V1_UY67_CR0,0,45,67_AL_.jpg"
95,Snatch,"Guy Ritchie (dir.), Jason Statham, Brad Pitt",2000,8.3,725912,"https://m.media-amazon.com/images/M/MV5BMTA2NDYxOGYtYjU1Mi00Y2QzLTgxMTQtMWI1MGI0ZGQ5MmU4XkEyXkFqcGdeQXVyNDk3NzU2MTQ@._V1_UY67_CR0,0,45,67_AL_.jpg"
96,Amélie,"Jean-Pierre Jeunet (dir.), Audrey Tautou, Mathieu Kassovitz",2001,8.3,658167,"https://m.media-amazon.com/images/M/MV5BNDg4NjM1YjMtYmNhZC00MjM0LWFiZmYtNGY1YjA3MzZmODc5XkEyXkFqcGdeQXVyNDk3NzU2MTQ@._V1_UX45_CR0,0,45,67_AL_.jpg"
97,The Kid,"Charles Chaplin (dir.), Charles Chaplin, Edna Purviance",1921,8.2,99471,"https://m.media-amazon.com/images/M/MV5BZjhhMThhNDItNTY2MC00MmU1LTliNDEtNDdhZjdlNTY5ZDQ1XkEyXkFqcGdeQXVyNjc1NTYyMjg@._V1_UX45_CR0,0,45,67_AL_.jpg"
98,Ladri di biciclette,"Vittorio De Sica (dir.), Lamberto Maggiorani, Enzo Staiola",1948,8.2,129898,"https://m.media-amazon.com/images/M/MV5BNmI1ODdjODctMDlmMC00ZWViLWI5MzYtYzRhNDdjYmM3MzFjXkEyXkFqcGdeQXVyMTMxODk2OTU@._V1_UY67_CR0,0,45,67_AL_.jpg"
99,Scarface,"Brian De Palma (dir.), Al Pacino, Michelle Pfeiffer",1983,8.2,672780,"https://m.media-amazon.com/images/M/MV5BNjdjNGQ4NDEtNTEwYS00MTgxLTliYzQtYzE2ZDRiZjFhZmNlXkEyXkFqcGdeQXVyNjU0OTQ0OTY@._V1_UX45_CR0,0,45,67_AL_.jpg"
100,Lawrence of Arabia,"David Lean (dir.), Peter O'Toole, Alec Guinness",1962,8.2,245713,"https://m.media-amazon.com/images/M/MV5BYWY5ZjhjNGYtZmI2Ny00ODM0LWFkNzgtZmI1YzA2N2MxMzA0XkEyXkFqcGdeQXVyNjUwNzk3NDc@._V1_UY67_CR0,0,45,67_AL_.jpg"
101,Singin' in the Rain,"Stanley Donen (dir.), Gene Kelly, Donald O'Connor",1952,8.2,199848,"https://m.media-amazon.com/images/M/MV5BMWUyNjQ5MTAtNDJhYS00MWQ0LTk2ZTAtZmE4MWNlMjMwMzg3XkEyXkFqcGdeQXVyNTA4NzY1MzY@._V1_UX45_CR0,0,45,67_AL_.jpg"
102,Toy Story 3,"Lee Unkrich (dir.), Tom Hanks, Tim Allen",2010,8.2,696156,"https://m.media-amazon.com/images/M/MV5BMTgxOTY4Mjc0MF5BMl5BanBnXkFtZTcwNTA4MDQyMw@@._V1_UY67_CR1,0,45,67_AL_.jpg"
103,The Sting,"George Roy Hill (dir.), Paul Newman, Robert Redford",1973,8.2,222897,"https://m.media-amazon.com/images/M/MV5BNGU3NjQ4YTMtZGJjOS00YTQ3LThmNmItMTI5MDE2ODI3NzY3XkEyXkFqcGdeQXVyMjUzOTY1NTc@._V1_UX45_CR0,0,45,67_AL_.jpg"
104,Taxi Driver,"Martin Scorsese (dir.), Robert De Niro, Jodie Foster",1976,8.2,645679,"https://m.media-amazon.com/images/M/MV5BM2M1MmVhNDgtNmI0YS00ZDNmLTkyNjctNTJiYTQ2N2NmYzc2XkEyXkFqcGdeQXVyNzkwMjQ5NzM@._V1_UX45_CR0,0,45,67_AL_.jpg"
105,Per qualche dollaro in più,"Sergio Leone (dir.), Clint Eastwood, Lee Van Cleef",1965,8.2,209602,"https://m.media-amazon.com/images/M/MV5BNWM1NmYyM2ItMTFhNy00NDU0LThlYWUtYjQyYTJmOTY0ZmM0XkEyXkFqcGdeQXVyNjU0OTQ0OTY@._V1_UX45_CR0,0,45,67_AL_.jpg"
106,Metropolis,"Fritz Lang (dir.), Brigitte Helm, Alfred Abel",1927,8.2,146239,"https://m.media-amazon.com/images/M/MV5BMTg5YWIyMWUtZDY5My00Zjc1LTljOTctYmI0MWRmY2M2NmRkXkEyXkFqcGdeQXVyMTMxODk2OTU@._V1_UY67_CR0,0,45,67_AL_.jpg"
107,Double Indemnity,"Billy Wilder (dir.), Fred MacMurray, Barbara Stanwyck",1944,8.2,130148,"https://m.media-amazon.com/images/M/MV5BOTdlNjgyZGUtOTczYi00MDdhLTljZmMtYTEwZmRiOWFkYjRhXkEyXkFqcGdeQXVyNDY2MTk1ODk@._V1_UX45_CR0,0,45,67_AL_.jpg"
108,Jodaeiye Nader az Simin,"Asghar Farhadi (dir.), Payman Maadi, Leila Hatami",2011,8.2,200074,"https://m.media-amazon.com/images/M/MV5BMTYzMzU4NDUwOF5BMl5BanBnXkFtZTcwMTM5MjA5Ng@@._V1_UY67_CR0,0,45,67_AL_.jpg"
109,To Kill a Mockingbird,"Robert Mulligan (dir.), Gregory Peck, John Megna",1962,8.2,275313,"https://m.media-amazon.com/images/M/MV5BNmVmYzcwNzMtMWM1NS00MWIyLThlMDEtYzUwZDgzODE1NmE2XkEyXkFqcGdeQXVyNzkwMjQ5NzM@._V1_UX45_CR0,0,45,67_AL_.jpg"
110,Ikiru,"Akira Kurosawa (dir.), Takashi Shimura, Nobuo Kaneko",1952,8.2,59502,"https://m.media-amazon.com/images/M/MV5BZmM0NGY3Y2MtMTA1YS00YmQzLTk2YTctYWFhMDkzMDRjZWQzXkEyXkFqcGdeQXVyNTA4NzY1MzY@._V1_UX45_CR0,0,45,67_AL_.jpg"
111,Indiana Jones and the Last Crusade,"Steven Spielberg (dir.), Harrison Ford, Sean Connery",1989,8.2,641323,"https://m.media-amazon.com/images/M/MV5BMjNkMzc2N2QtNjVlNS00ZTk5LTg0MTgtODY2MDAwNTMwZjBjXkEyXkFqcGdeQXVyNDk3NzU2MTQ@._V1_UY67_CR0,0,45,67_AL_.jpg"
112,The Apartment,"Billy Wilder (dir.), Jack Lemmon, Shirley MacLaine",1960,8.2,146499,"https://m.media-amazon.com/images/M/MV5BNzkwODFjNzItMmMwNi00MTU5LWE2MzktM2M4ZDczZGM1MmViXkEyXkFqcGdeQXVyNDY2MTk1ODk@._V1_UX45_CR0,0,45,67_AL_.jpg"
113,Up,"Pete Docter (dir.), Edward Asner, Jordan Nagai",2009,8.2,857244,"https://m.media-amazon.com/images/M/MV5BMTk3NDE2NzI4NF5BMl5BanBnXkFtZTgwNzE1MzEyMTE@._V1_UX45_CR0,0,45,67_AL_.jpg"
114,L.A. Confidential,"Curtis Hanson (dir.), Kevin Spacey, Russell Crowe",1997,8.2,498218,"https://m.media-amazon.com/images/M/MV5BMDQ2YzEyZGItYWRhOS00MjBmLTkzMDUtMTdjYzkyMmQxZTJlXkEyXkFqcGdeQXVyNjU0OTQ0OTY@._V1_UY67_CR0,0,45,67_AL_.jpg"
115,Monty Python and the Holy Grail,"Terry Gilliam (dir.), Graham Chapman, John Cleese",1975,8.2,466669,"https://m.media-amazon.com/images/M/MV5BN2IyNTE4YzUtZWU0Mi00MGIwLTgyMmQtMzQ4YzQxYWNlYWE2XkEyXkFqcGdeQXVyNjU0OTQ0OTY@._V1_UX45_CR0,0,45,67_AL_.jpg"
116,Incendies,"Denis Villeneuve (dir.), Lubna Azabal, Mélissa Désormeaux-Poulin",2010,8.2,126452,"https://m.media-amazon.com/images/M/MV5BMTExMzQyNzc4NjReQTJeQWpwZ15BbWU3MDUwMjk3NjQ@._V1_UX45_CR0,0,45,67_AL_.jpg"
117,Heat,"Michael Mann (dir.), Al Pacino, Robert De Niro",1995,8.2,529139,"https://m.media-amazon.com/images/M/MV5BNDc0YTQ5NGEtM2NkYS00MWRhLThiNzAtNmY3NWU3YzNkMjIyXkEyXkFqcGdeQXVyNzkwMjQ5NzM@._V1_UX45_CR0,0,45,67_AL_.jpg"
118,Rashômon,"Akira Kurosawa (dir.), Toshirô Mifune, Machiko Kyô",1950,8.2,137267,"https://m.media-amazon.com/images/M/MV5BMTk1MDU5MjQ5NF5BMl5BanBnXkFtZTgwMDM2OTE4MzE@._V1_UY67_CR1,0,45,67_AL_.jpg"
119,Yôjinbô,"Akira Kurosawa (dir.), Toshirô Mifune, Eijirô Tôno",1961,8.2,99698,"https://m.media-amazon.com/images/M/MV5BZThiZjAzZjgtNDU3MC00YThhLThjYWUtZGRkYjc2ZWZlOTVjXkEyXkFqcGdeQXVyNTA4NzY1MzY@._V1_UX45_CR0,0,45,67_AL_.jpg"
120,Batman Begins,"Christopher Nolan (dir.), Christian Bale, Michael Caine",2005,8.2,1206855,"https://m.media-amazon.com/images/M/MV5BZmUwNGU2ZmItMmRiNC00MjhlLTg5YWUtODMyNzkxODYzMmZlXkEyXkFqcGdeQXVyNTIzOTk5ODM@._V1_UY67_CR2,0,45,67_AL_.jpg"
121,Die Hard,"John McTiernan (dir.), Bruce Willis, Alan Rickman",1988,8.2,727289,"https://m.media-amazon.com/images/M/MV5BZjRlNDUxZjAtOGQ4OC00OTNlLTgxNmQtYTBmMDgwZmNmNjkxXkEyXkFqcGdeQXVyNzkwMjQ5NzM@._V1_UX45_CR0,0,45,67_AL_.jpg"
122,Green Book,"Peter Farrelly (dir.), Viggo Mortensen, Mahershala Ali",2018,8.2,231164,"https://m.media-amazon.com/images/M/MV5BYzIzYmJlYTYtNGNiYy00N2EwLTk4ZjItMGYyZTJiOTVkM2RlXkEyXkFqcGdeQXVyODY1NDk1NjE@._V1_UX45_CR0,0,45,67_AL_.jpg"
123,Unforgiven,"Clint Eastwood (dir.), Clint Eastwood, Gene Hackman",1992,8.2,345363,"https://m.media-amazon.com/images/M/MV5BODM3YWY4NmQtN2Y3Ni00OTg0LWFhZGQtZWE3ZWY4MTJlOWU4XkEyXkFqcGdeQXVyNjU0OTQ0OTY@._V1_UX45_CR0,0,45,67_AL_.jpg"
124,Der Untergang,"Oliver Hirschbiegel (dir.), Bruno Ganz, Alexandra Maria Lara",2004,8.2,308790,"https://m.media-amazon.com/images/M/MV5BZDFmNzI3YmItMTMyMy00YjE1LTliYTgtN2Q4M2QzZDE5MTlhXkEyXkFqcGdeQXVyMTQxNzMzNDI@._V1_UY67_CR0,0,45,67_AL_.jpg"
125,Bacheha-Ye aseman,"Majid Majidi (dir.), Mohammad Amir Naji, Amir Farrokh Hashemian",1997,8.2,54858,"https://m.media-amazon.com/images/M/MV5BZTYwZWQ4ZTQtZWU0MS00N2YwLWEzMDItZWFkZWY0MWVjODVhXkEyXkFqcGdeQXVyNjU0OTQ0OTY@._V1_UX45_CR0,0,45,67_AL_.jpg"
126,Some Like It Hot,"Billy Wilder (dir.), Marilyn Monroe, Tony Curtis",1959,8.2,223548,"https://m.media-amazon.com/images/M/MV5BNzAyOGIxYjAtMGY2NC00ZTgyLWIwMWEtYzY0OWQ4NDFjOTc5XkEyXkFqcGdeQXVyNjU0OTQ0OTY@._V1_UX45_CR0,0,45,67_AL_.jpg"
127,Hauru no ugoku shiro,"Hayao Miyazaki (dir.), Chieko Baishô, Takuya Kimura",2004,8.2,286819,"https://m.media-amazon.com/images/M/MV5BZTRhY2QwM2UtNWRlNy00ZWQwLTg3MjktZThmNjQ3NTdjN2IxXkEyXkFqcGdeQXVyMzg2MzE2OTE@._V1_UY67_CR1,0,45,67_AL_.jpg"
128,The Great Escape,"John Sturges (dir.), Steve McQueen, James Garner",1963,8.2,206868,"https://m.media-amazon.com/images/M/MV5BNzA2NmYxMWUtNzBlMC00MWM2LTkwNmQtYTFlZjQwODNhOWE0XkEyXkFqcGdeQXVyNTIzOTk5ODM@._V1_UX45_CR0,0,45,67_AL_.jpg"
129,Tonari no Totoro,"Hayao Miyazaki (dir.), Hitoshi Takagi, Noriko Hidaka",1988,8.2,242517,"https://m.media-amazon.com/images/M/MV5BNTdiOTQ0YmUtOGE3YS00NDg5LWI3YTEtNDAxZmE0MzRmZWM5L2ltYWdlXkEyXkFqcGdeQXVyNTAyODkwOQ@@._V1_UY67_CR2,0,45,67_AL_.jpg"
130,All About Eve,"Joseph L. Mankiewicz (dir.), Bette Davis, Anne Baxter",1950,8.2,110715,"https://m.media-amazon.com/images/M/MV5BMTY2MTAzODI5NV5BMl5BanBnXkFtZTgwMjM4NzQ0MjE@._V1_UX45_CR0,0,45,67_AL_.jpg"
131,A Beautiful Mind,"Ron Howard (dir.), Russell Crowe, Ed Harris",2001,8.2,779103,"https://m.media-amazon.com/images/M/MV5BMzcwYWFkYzktZjAzNC00OGY1LWI4YTgtNzc5MzVjMDVmNjY0XkEyXkFqcGdeQXVyMTQxNzMzNDI@._V1_UY67_CR0,0,45,67_AL_.jpg"
132,Ran,"Akira Kurosawa (dir.), Tatsuya Nakadai, Akira Terao",1985,8.2,100727,"https://m.media-amazon.com/images/M/MV5BZDBjZTM4ZmEtOTA5ZC00NTQzLTkyNzYtMmUxNGU2YjI5YjU5L2ltYWdlXkEyXkFqcGdeQXVyNTAyODkwOQ@@._V1_UY67_CR1,0,45,67_AL_.jpg"
133,Pan's Labyrinth,"Guillermo del Toro (dir.), Ivana Baquero, Ariadna Gil",2006,8.2,577471,"https://m.media-amazon.com/images/M/MV5BMTU3ODg2NjQ5NF5BMl5BanBnXkFtZTcwMDEwODgzMQ@@._V1_UY67_CR0,0,45,67_AL_.jpg"
134,El secreto de sus ojos,"Juan José Campanella (dir.), Ricardo Darín, Soledad Villamil",2009,8.2,174932,"https://m.media-amazon.com/images/M/MV5BMTgwNTI3OTczOV5BMl5BanBnXkFtZTcwMTM3MTUyMw@@._V1_UY67_CR0,0,45,67_AL_.jpg"
135,Casino,"Martin Scorsese (dir.), Robert De Niro, Sharon Stone",1995,8.2,418787,"https://m.media-amazon.com/images/M/MV5BMTcxOWYzNDYtYmM4YS00N2NkLTk0NTAtNjg1ODgwZjAxYzI3XkEyXkFqcGdeQXVyNTA4NzY1MzY@._V1_UX45_CR0,0,45,67_AL_.jpg"
136,Raging Bull,"Martin Scorsese (dir.), Robert De Niro, Cathy Moriarty",1980,8.2,291937,"https://m.media-amazon.com/images/M/MV5BYjRmODkzNDItMTNhNi00YjJlLTg0ZjAtODlhZTM0YzgzYThlXkEyXkFqcGdeQXVyNzQ1ODk3MTQ@._V1_UY67_CR0,0,45,67_AL_.jpg"
137,"Lock, Stock and Two Smoking Barrels","Guy Ritchie (dir.), Jason Flemyng, Dexter Fletcher",1998,8.2,497313,"https://m.media-amazon.com/images/M/MV5BMTAyN2JmZmEtNjAyMy00NzYwLThmY2MtYWQ3OGNhNjExMmM4XkEyXkFqcGdeQXVyNDk3NzU2MTQ@._V1_UX45_CR0,0,45,67_AL_.jpg"
138,Idi i smotri,"Elem Klimov (dir.), Aleksey Kravchenko, Olga Mironova",1985,8.2,44465,"https://m.media-amazon.com/images/M/MV5BODM4Njg0NTAtYjI5Ny00ZjAxLTkwNmItZTMxMWU5M2U3M2RjXkEyXkFqcGdeQXVyNzkwMjQ5NzM@._V1_UX45_CR0,0,45,67_AL_.jpg"
139,Babam ve Oglum,"Çagan Irmak (dir.), Çetin Tekindor, Fikret Kuskan",2005,8.2,69081,"https://m.media-amazon.com/images/M/MV5BNjAzMzEwYzctNjc1MC00Nzg5LWFmMGItMTgzYmMyNTY2OTQ4XkEyXkFqcGdeQXVyNjU0OTQ0OTY@._V1_UY67_CR0,0,45,67_AL_.jpg"
140,The Treasure of the Sierra Madre,"John Huston (dir.), Humphrey Bogart, Walter Huston",1948,8.1,104637,"https://m.media-amazon.com/images/M/MV5BOTJlZWMxYzEtMjlkMS00ODE0LThlM2ItMDI3NGQ2YjhmMzkxXkEyXkFqcGdeQXVyMDI2NDg0NQ@@._V1_UX45_CR0,0,45,67_AL_.jpg"
141,The Wolf of Wall Street,"Martin Scorsese (dir.), Leonardo DiCaprio, Jonah Hill",2013,8.1,1050487,"https://m.media-amazon.com/images/M/MV5BMjIxMjgxNTk0MF5BMl5BanBnXkFtZTgwNjIyOTg2MDE@._V1_UY67_CR0,0,45,67_AL_.jpg"
142,Judgment at Nuremberg,"Stanley Kramer (dir.), Spencer Tracy, Burt Lancaster",1961,8.1,62573,"https://m.media-amazon.com/images/M/MV5BZDZjMTIwZTQtNTM3OS00OTUyLWI5MTMtOTNjYWVkNzhjMWIxXkEyXkFqcGdeQXVyNTc1NTQxODI@._V1_UY67_CR0,0,45,67_AL_.jpg"
143,"Three Billboards Outside Ebbing, Missouri","Martin McDonagh (dir.), Frances McDormand, Woody Harrelson",2017,8.1,354679,"https://m.media-amazon.com/images/M/MV5BMjMxNzgwMDUyMl5BMl5BanBnXkFtZTgwMTQ0NTIyNDM@._V1_UY67_CR0,0,45,67_AL_.jpg"
144,Chinatown,"Roman Polanski (dir.), Jack Nicholson, Faye Dunaway",1974,8.1,268806,"https://m.media-amazon.com/images/M/MV5BOGMwYmY5ZmEtMzY1Yi00OWJiLTk1Y2MtMzI2MjBhYmZkNTQ0XkEyXkFqcGdeQXVyNzkwMjQ5NzM@._V1_UX45_CR0,0,45,67_AL_.jpg"
145,The Gold Rush,"Charles Chaplin (dir.), Charles Chaplin, Mack Swain",1925,8.1,90581,"https://m.media-amazon.com/images/M/MV5BZjEyOTE4MzMtNmMzMy00Mzc3LWJlOTQtOGJiNDE0ZmJiOTU4L2ltYWdlXkEyXkFqcGdeQXVyNTAyODkwOQ@@._V1_UY67_CR2,0,45,67_AL_.jpg"
146,Inside Out,"Pete Docter (dir.), Amy Poehler, Bill Hader",2015,8.1,545648,"https://m.media-amazon.com/images/M/MV5BOTgxMDQwMDk0OF5BMl5BanBnXkFtZTgwNjU5OTg2NDE@._V1_UY67_CR0,0,45,67_AL_.jpg"
147,Dial M for Murder,"Alfred Hitchcock (dir.), Ray Milland, Grace Kelly",1954,8.1,142208,"https://m.media-amazon.com/images/M/MV5BOWIwODIxYWItZDI4MS00YzhhLWE3MmYtMzlhZDIwOTMzZmE5L2ltYWdlXkEyXkFqcGdeQXVyNjc1NTYyMjg@._V1_UX45_CR0,0,45,67_AL_.jpg"
148,V for Vendetta,"James McTeigue (dir.), Hugo Weaving, Natalie Portman",2005,8.1,960460,"https://m.media-amazon.com/images/M/MV5BYzllMjJkODAtYjMwMi00YmNhLWFhYzAtZjZjODg5YzEwOGUwXkEyXkFqcGdeQXVyNjU0OTQ0OTY@._V1_UY67_CR0,0,45,67_AL_.jpg"
149,Det sjunde inseglet,"Ingmar Bergman (dir.), Max von Sydow, Gunnar Björnstrand",1957,8.1,145362,"https://m.media-amazon.com/images/M/MV5BNWE2NmMwZjgtOWYxYy00NWU0LTkzOGUtYTg4Yjk3MDFmY2IyXkEyXkFqcGdeQXVyMTMxODk2OTU@._V1_UX45_CR0,0,45,67_AL_.jpg"
150,Warrior,"Gavin O'Connor (dir.), Tom Hardy, Nick Nolte",2011,8.1,406943,"https://m.media-amazon.com/images/M/MV5BMTk4ODk5MTMyNV5BMl5BanBnXkFtZTcwMDMyNTg0Ng@@._V1_UX45_CR0,0,45,67_AL_.jpg"
151,There Will Be Blood,"Paul Thomas Anderson (dir.), Daniel Day-Lewis, Paul Dano",2007,8.1,468705,"https://m.media-amazon.com/images/M/MV5BMjAxODQ4MDU5NV5BMl5BanBnXkFtZTcwMDU4MjU1MQ@@._V1_UY67_CR0,0,45,67_AL_.jpg"
152,Room,"Lenny Abrahamson (dir.), Brie Larson, Jacob Tremblay",2015,8.1,322618,"https://m.media-amazon.com/images/M/MV5BMjE4NzgzNzEwMl5BMl5BanBnXkFtZTgwMTMzMDE0NjE@._V1_UY67_CR0,0,45,67_AL_.jpg"
153,Andhadhun,"Sriram Raghavan (dir.), Ayushmann Khurrana, Tabu",2018,8.1,47096,"https://m.media-amazon.com/images/M/MV5BZWZhMjhhZmYtOTIzOC00MGYzLWI1OGYtM2ZkN2IxNTI4ZWI3XkEyXkFqcGdeQXVyNDAzNDk0MTQ@._V1_UY67_CR0,0,45,67_AL_.jpg"
154,Trainspotting,"Danny Boyle (dir.), Ewan McGregor, Ewen Bremner",1996,8.1,594248,"https://m.media-amazon.com/images/M/MV5BMzA5Zjc3ZTMtMmU5YS00YTMwLWI4MWUtYTU0YTVmNjVmODZhXkEyXkFqcGdeQXVyNjU0OTQ0OTY@._V1_UY67_CR0,0,45,67_AL_.jpg"
155,No Country for Old Men,"Ethan Coen (dir.), Tommy Lee Jones, Javier Bardem",2007,8.1,775698,"https://m.media-amazon.com/images/M/MV5BMjA5Njk3MjM4OV5BMl5BanBnXkFtZTcwMTc5MTE1MQ@@._V1_UY67_CR0,0,45,67_AL_.jpg"
156,The Elephant Man,"David Lynch (dir.), Anthony Hopkins, John Hurt",1980,8.1,202329,"https://m.media-amazon.com/images/M/MV5BMDVjNjIwOGItNDE3Ny00OThjLWE0NzQtZTU3YjMzZTZjMzhkXkEyXkFqcGdeQXVyMTQxNzMzNDI@._V1_UX45_CR0,0,45,67_AL_.jpg"
157,The Sixth Sense,"M. Night Shyamalan (dir.), Bruce Willis, Haley Joel Osment",1999,8.1,852481,"https://m.media-amazon.com/images/M/MV5BMWM4NTFhYjctNzUyNi00NGMwLTk3NTYtMDIyNTZmMzRlYmQyXkEyXkFqcGdeQXVyMTAwMzUyOTc@._V1_UY67_CR0,0,45,67_AL_.jpg"
158,Shutter Island,"Martin Scorsese (dir.), Leonardo DiCaprio, Emily Mortimer",2010,8.1,1019174,"https://m.media-amazon.com/images/M/MV5BYzhiNDkyNzktNTZmYS00ZTBkLTk2MDAtM2U0YjU1MzgxZjgzXkEyXkFqcGdeQXVyMTMxODk2OTU@._V1_UY67_CR0,0,45,67_AL_.jpg"
159,The Thing,"John Carpenter (dir.), Kurt Russell, Wilford Brimley",1982,8.1,335715,"https://m.media-amazon.com/images/M/MV5BNDcyZmFjY2YtN2I1OC00MzU3LWIzZGEtZDA5N2VlNDJjYWI3L2ltYWdlXkEyXkFqcGdeQXVyNTAyODkwOQ@@._V1_UX45_CR0,0,45,67_AL_.jpg"
160,Eskiya,"Yavuz Turgul (dir.), Sener Sen, Ugur Yücel",1996,8.1,56255,"https://m.media-amazon.com/images/M/MV5BOGQ4ZjFmYjktOGNkNS00OWYyLWIyZjgtMGJjM2U1ZTA0ZTlhXkEyXkFqcGdeQXVyNTA4NzY1MzY@._V1_UY67_CR1,0,45,67_AL_.jpg"
161,The Bridge on the River Kwai,"David Lean (dir.), William Holden, Alec Guinness",1957,8.1,187920,"https://m.media-amazon.com/images/M/MV5BMGVhNjhjODktODgxYS00MDdhLTlkZjktYTkyNzQxMTU0ZDYxXkEyXkFqcGdeQXVyNzkwMjQ5NzM@._V1_UX45_CR0,0,45,67_AL_.jpg"
162,The Third Man,"Carol Reed (dir.), Orson Welles, Joseph Cotten",1949,8.1,146699,"https://m.media-amazon.com/images/M/MV5BYjE2OTdhMWUtOGJlMy00ZDViLWIzZjgtYjZkZGZmMDZjYmEyXkEyXkFqcGdeQXVyNzkwMjQ5NzM@._V1_UX45_CR0,0,45,67_AL_.jpg"
163,Gone with the Wind,"Victor Fleming (dir.), Clark Gable, Vivien Leigh",1939,8.1,266774,"https://m.media-amazon.com/images/M/MV5BYjUyZWZkM2UtMzYxYy00ZmQ3LWFmZTQtOGE2YjBkNjA3YWZlXkEyXkFqcGdeQXVyNzkwMjQ5NzM@._V1_UX45_CR0,0,45,67_AL_.jpg"
164,On the Waterfront,"Elia Kazan (dir.), Marlon Brando, Karl Malden",1954,8.1,130219,"https://m.media-amazon.com/images/M/MV5BY2I0MWFiZDMtNWQyYy00Njk5LTk3MDktZjZjNTNmZmVkYjkxXkEyXkFqcGdeQXVyNjc1NTYyMjg@._V1_UX45_CR0,0,45,67_AL_.jpg"
165,Once Upon a Time in... Hollywood,"Quentin Tarantino (dir.), Leonardo DiCaprio, Brad Pitt",2019,8.1,98495,"https://m.media-amazon.com/images/M/MV5BOTg4ZTNkZmUtMzNlZi00YmFjLTk1MmUtNWQwNTM0YjcyNTNkXkEyXkFqcGdeQXVyNjg2NjQwMDQ@._V1_UY67_CR0,0,45,67_AL_.jpg"
166,Blade Runner,"Ridley Scott (dir.), Harrison Ford, Rutger Hauer",1982,8.1,635759,"https://m.media-amazon.com/images/M/MV5BNzQzMzJhZTEtOWM4NS00MTdhLTg0YjgtMjM4MDRkZjUwZDBlXkEyXkFqcGdeQXVyNjU0OTQ0OTY@._V1_UY67_CR0,0,45,67_AL_.jpg"
167,Smultronstället,"Ingmar Bergman (dir.), Victor Sjöström, Bibi Andersson",1957,8.1,85361,"https://m.media-amazon.com/images/M/MV5BM2NiYjhmMzctMzliMC00NDBlLWJkYzItZjIwYjYzNDg3OGQzXkEyXkFqcGdeQXVyMzAxNjg3MjQ@._V1_UY67_CR0,0,45,67_AL_.jpg"
168,Finding Nemo,"Andrew Stanton (dir.), Albert Brooks, Ellen DeGeneres",2003,8.1,877990,"https://m.media-amazon.com/images/M/MV5BZTAzNWZlNmUtZDEzYi00ZjA5LWIwYjEtZGM1NWE1MjE4YWRhXkEyXkFqcGdeQXVyNjU0OTQ0OTY@._V1_UY67_CR0,0,45,67_AL_.jpg"
169,Jurassic Park,"Steven Spielberg (dir.), Sam Neill, Laura Dern",1993,8.1,792135,"https://m.media-amazon.com/images/M/MV5BMjM2MDgxMDg0Nl5BMl5BanBnXkFtZTgwNTM2OTM5NDE@._V1_UX45_CR0,0,45,67_AL_.jpg"
170,Gran Torino,"Clint Eastwood (dir.), Clint Eastwood, Bee Vang",2008,8.1,675418,"https://m.media-amazon.com/images/M/MV5BMTc5NTk2OTU1Nl5BMl5BanBnXkFtZTcwMDc3NjAwMg@@._V1_UY67_CR0,0,45,67_AL_.jpg"
171,Fargo,"Joel Coen (dir.), William H. Macy, Frances McDormand",1996,8.1,567356,"https://m.media-amazon.com/images/M/MV5BNDJiZDgyZjctYmRjMS00ZjdkLTkwMTEtNGU1NDg3NDQ0Yzk1XkEyXkFqcGdeQXVyNzkwMjQ5NzM@._V1_UY67_CR0,0,45,67_AL_.jpg"
172,Kill Bill: Vol. 1,"Quentin Tarantino (dir.), Uma Thurman, David Carradine",2003,8.1,917761,"https://m.media-amazon.com/images/M/MV5BNzM3NDFhYTAtYmU5Mi00NGRmLTljYjgtMDkyODQ4MjNkMGY2XkEyXkFqcGdeQXVyNzkwMjQ5NzM@._V1_UX45_CR0,0,45,67_AL_.jpg"
173,The Deer Hunter,"Michael Cimino (dir.), Robert De Niro, Christopher Walken",1978,8.1,287016,"https://m.media-amazon.com/images/M/MV5BNDhmNTA0ZDMtYjhkNS00NzEzLWIzYTItOGNkMTVmYjE2YmI3XkEyXkFqcGdeQXVyNzkwMjQ5NzM@._V1_UY67_CR0,0,45,67_AL_.jpg"
174,Tôkyô monogatari,"Yasujirô Ozu (dir.), Chishû Ryû, Chieko Higashiyama",1953,8.1,44671,"https://m.media-amazon.com/images/M/MV5BYWQ4ZTRiODktNjAzZC00Nzg1LTk1YWQtNDFmNDI0NmZiNGIwXkEyXkFqcGdeQXVyNzkwMjQ5NzM@._V1_UY67_CR0,0,45,67_AL_.jpg"
175,The Big Lebowski,"Joel Coen (dir.), Jeff Bridges, John Goodman",1998,8.1,670286,"https://m.media-amazon.com/images/M/MV5BMTQ0NjUzMDMyOF5BMl5BanBnXkFtZTgwODA1OTU0MDE@._V1_UX45_CR0,0,45,67_AL_.jpg"
176,Stalker,"Andrei Tarkovsky (dir.), Alisa Freyndlikh, Aleksandr Kaydanovskiy",1979,8.1,99832,"https://m.media-amazon.com/images/M/MV5BMDgwODNmMGItMDcwYi00OWZjLTgyZjAtMGYwMmI4N2Q0NmJmXkEyXkFqcGdeQXVyNzY1MTU0Njk@._V1_UY67_CR1,0,45,67_AL_.jpg"
177,The Truman Show,"Peter Weir (dir.), Jim Carrey, Ed Harris",1998,8.1,848584,"https://m.media-amazon.com/images/M/MV5BMDIzODcyY2EtMmY2MC00ZWVlLTgwMzAtMjQwOWUyNmJjNTYyXkEyXkFqcGdeQXVyNDk3NzU2MTQ@._V1_UY67_CR0,0,45,67_AL_.jpg"
178,Relatos salvajes,"Damián Szifron (dir.), Darío Grandinetti, María Marull",2014,8.1,153676,"https://m.media-amazon.com/images/M/MV5BNGQzY2Y0MTgtMDA4OC00NjM3LWI0ZGQtNTJlM2UxZDQxZjI0XkEyXkFqcGdeQXVyNDUzOTQ5MjY@._V1_UY67_CR1,0,45,67_AL_.jpg"
179,Mary and Max,"Adam Elliot (dir.), Toni Collette, Philip Seymour Hoffman",2009,8.1,152376,"https://m.media-amazon.com/images/M/MV5BMDgzYjQwMDMtNGUzYi00MTRmLWIyMGMtNjE1OGZkNzY2YWIzL2ltYWdlXkEyXkFqcGdeQXVyNjU0OTQ0OTY@._V1_UY67_CR1,0,45,67_AL_.jpg"
180,Hacksaw Ridge,"Mel Gibson (dir.), Andrew Garfield, Sam Worthington",2016,8.1,374231,"https://m.media-amazon.com/images/M/MV5BMjQ1NjM3MTUxNV5BMl5BanBnXkFtZTgwMDc5MTY5OTE@._V1_UX45_CR0,0,45,67_AL_.jpg"
181,Gone Girl,"David Fincher (dir.), Ben Affleck, Rosamund Pike",2014,8.1,771821,"https://m.media-amazon.com/images/M/MV5BMTk0MDQ3MzAzOV5BMl5BanBnXkFtZTgwNzU1NzE3MjE@._V1_UY67_CR0,0,45,67_AL_.jpg"
182,In the Name of the Father,"Jim Sheridan (dir.), Daniel Day-Lewis, Pete Postlethwaite",1993,8.1,142998,"https://m.media-amazon.com/images/M/MV5BMmYyOTgwYWItYmU3Ny00M2E2LTk0NWMtMDVlNmQ0MWZiMTMxXkEyXkFqcGdeQXVyNzkwMjQ5NzM@._V1_UX45_CR0,0,45,67_AL_.jpg"
183,Sherlock Jr.,"Buster Keaton (dir.), Buster Keaton, Kathryn McGuire",1924,8.1,33967,"https://m.media-amazon.com/images/M/MV5BZWFhOGU5NDctY2Q3YS00Y2VlLWI1NzEtZmIwY2ZiZjY4OTA2XkEyXkFqcGdeQXVyMDI2NDg0NQ@@._V1_UX45_CR0,0,45,67_AL_.jpg"
184,The General,"Clyde Bruckman (dir.), Buster Keaton, Marion Mack",1926,8.1,72598,"https://m.media-amazon.com/images/M/MV5BYmRiMDFlYjYtOTMwYy00OGY2LWE0Y2QtYzQxOGNhZmUwNTIxXkEyXkFqcGdeQXVyNzkwMjQ5NzM@._V1_UY67_CR0,0,45,67_AL_.jpg"
185,How to Train Your Dragon,"Dean DeBlois (dir.), Jay Baruchel, Gerard Butler",2010,8.1,617856,"https://m.media-amazon.com/images/M/MV5BMjA5NDQyMjc2NF5BMl5BanBnXkFtZTcwMjg5ODcyMw@@._V1_UY67_CR0,0,45,67_AL_.jpg"
186,Mr. Smith Goes to Washington,"Frank Capra (dir.), James Stewart, Jean Arthur",1939,8.1,99201,"https://m.media-amazon.com/images/M/MV5BZTYwYjYxYzgtMDE1Ni00NzU4LWJlMTEtODQ5YmJmMGJhZjI5L2ltYWdlXkEyXkFqcGdeQXVyMDI2NDg0NQ@@._V1_UX45_CR0,0,45,67_AL_.jpg"
187,Toy Story 4,"Josh Cooley (dir.), Tom Hanks, Tim Allen",2019,8.1,83260,"https://m.media-amazon.com/images/M/MV5BMTYzMDM4NzkxOV5BMl5BanBnXkFtZTgwNzM1Mzg2NzM@._V1_UY67_CR0,0,45,67_AL_.jpg"
188,The Grand Budapest Hotel,"Wes Anderson (dir.), Ralph Fiennes, F. Murray Abraham",2014,8.1,641005,"https://m.media-amazon.com/images/M/MV5BMzM5NjUxOTEyMl5BMl5BanBnXkFtZTgwNjEyMDM0MDE@._V1_UY67_CR0,0,45,67_AL_.jpg"
189,Persona,"Ingmar Bergman (dir.), Bibi Andersson, Liv Ullmann",1966,8.1,88507,"https://m.media-amazon.com/images/M/MV5BYzI1ZjUwYmEtNWNmNS00NjgyLTlhNmUtNjA2YmFhYmIyMzVkXkEyXkFqcGdeQXVyMTA2ODMzMDU@._V1_UY67_CR1,0,45,67_AL_.jpg"
190,Salinui chueok,"Joon-ho Bong (dir.), Kang-ho Song, Sang-kyung Kim",2003,8.1,103513,"https://m.media-amazon.com/images/M/MV5BMzhlNGJhYzUtZTNiMi00MjI0LWFjN2MtOTVlN2IxODVkZWVkXkEyXkFqcGdeQXVyMTMxODk2OTU@._V1_UY67_CR0,0,45,67_AL_.jpg"
191,Before Sunrise,"Richard Linklater (dir.), Ethan Hawke, Julie Delpy",1995,8.1,241391,"https://m.media-amazon.com/images/M/MV5BZDdiZTAwYzAtMDI3Ni00OTRjLTkzN2UtMGE3MDMyZmU4NTU4XkEyXkFqcGdeQXVyNjU0OTQ0OTY@._V1_UY67_CR0,0,45,67_AL_.jpg"
192,Into the Wild,"Sean Penn (dir.), Emile Hirsch, Vince Vaughn",2007,8.1,528984,"https://m.media-amazon.com/images/M/MV5BMTAwNDEyODU1MjheQTJeQWpwZ15BbWU2MDc3NDQwNw@@._V1_UY67_CR0,0,45,67_AL_.jpg"
193,Catch Me If You Can,"Steven Spielberg (dir.), Leonardo DiCaprio, Tom Hanks",2002,8.1,730892,"https://m.media-amazon.com/images/M/MV5BMTY5MzYzNjc5NV5BMl5BanBnXkFtZTYwNTUyNTc2._V1_UY67_CR0,0,45,67_AL_.jpg"
194,Cool Hand Luke,"Stuart Rosenberg (dir.), Paul Newman, George Kennedy",1967,8.1,150235,"https://m.media-amazon.com/images/M/MV5BOWFlNzZhYmYtYTI5YS00MDQyLWIyNTUtNTRjMWUwNTEzNjA0XkEyXkFqcGdeQXVyNjUwNzk3NDc@._V1_UX45_CR0,0,45,67_AL_.jpg"
195,Le salaire de la peur,"Henri-Georges Clouzot (dir.), Yves Montand, Charles Vanel",1953,8.1,48873,"https://m.media-amazon.com/images/M/MV5BZDdkNzMwZmUtY2Q5MS00ZmM2LWJhYjItYTBjMWY0MGM4MDRjXkEyXkFqcGdeQXVyNTA4NzY1MzY@._V1_UY67_CR0,0,45,67_AL_.jpg"
196,Andrei Rublev,"Andrei Tarkovsky (dir.), Anatoliy Solonitsyn, Ivan Lapikov",1966,8.1,39677,"https://m.media-amazon.com/images/M/MV5BMjhkN2Q3MzctNzJiOC00OTc5LWIwOWYtNWRiYWUyMDk0MGZiXkEyXkFqcGdeQXVyNTAyODkwOQ@@._V1_UX45_CR0,0,45,67_AL_.jpg"
197,12 Years a Slave,"Steve McQueen (dir.), Chiwetel Ejiofor, Michael Kenneth Williams",2013,8.1,583561,"https://m.media-amazon.com/images/M/MV5BMjExMTEzODkyN15BMl5BanBnXkFtZTcwNTU4NTc4OQ@@._V1_UY67_CR0,0,45,67_AL_.jpg"
198,Rang De Basanti,"Rakeysh Omprakash Mehra (dir.), Aamir Khan, Soha Ali Khan",2006,8.1,101734,"https://m.media-amazon.com/images/M/MV5BYThmZDA0YmQtMWJhNy00MDQwLTk0Y2YtMDhmZTE5ZjhlNjliXkEyXkFqcGdeQXVyODE5NzE3OTE@._V1_UY67_CR1,0,45,67_AL_.jpg"
199,Network,"Sidney Lumet (dir.), Faye Dunaway, William Holden",1976,8.1,132864,"https://m.media-amazon.com/images/M/MV5BNmFiOWY3ZTktOTYwNy00ZTUzLTk0ODQtNzIxMzQ0ZDFjMTgyXkEyXkFqcGdeQXVyNTc1NTQxODI@._V1_UY67_CR0,0,45,67_AL_.jpg"
200,Life of Brian,"Terry Jones (dir.), Graham Chapman, John Cleese",1979,8.1,338238,"https://m.media-amazon.com/images/M/MV5BMzAwNjU1OTktYjY3Mi00NDY5LWFlZWUtZjhjNGE0OTkwZDkwXkEyXkFqcGdeQXVyMTQxNzMzNDI@._V1_UX45_CR0,0,45,67_AL_.jpg"
201,La passion de Jeanne d'Arc,"Carl Theodor Dreyer (dir.), Maria Falconetti, Eugene Silvain",1928,8.1,41385,"https://m.media-amazon.com/images/M/MV5BNjBjNDJiYTUtOWY0OS00OGVmLTg2YzctMTE0NzVhODM1ZWJmXkEyXkFqcGdeQXVyNjU0OTQ0OTY@._V1_UX45_CR0,0,45,67_AL_.jpg"
202,Prisoners,"Denis Villeneuve (dir.), Hugh Jackman, Jake Gyllenhaal",2013,8.1,533807,"https://m.media-amazon.com/images/M/MV5BMTg0NTIzMjQ1NV5BMl5BanBnXkFtZTcwNDc3MzM5OQ@@._V1_UY67_CR0,0,45,67_AL_.jpg"
203,Stand by Me,"Rob Reiner (dir.), Wil Wheaton, River Phoenix",1986,8.1,337028,"https://m.media-amazon.com/images/M/MV5BODJmY2Y2OGQtMDg2My00N2Q3LWJmZTUtYTc2ODBjZDVlNDlhXkEyXkFqcGdeQXVyMTQxNzMzNDI@._V1_UX45_CR0,0,45,67_AL_.jpg"
204,Mad Max: Fury Road,"George Miller (dir.), Tom Hardy, Charlize Theron",2015,8.1,790965,"https://m.media-amazon.com/images/M/MV5BN2EwM2I5OWMtMGQyMi00Zjg1LWJkNTctZTdjYTA4OGUwZjMyXkEyXkFqcGdeQXVyMTMxODk2OTU@._V1_UY67_CR0,0,45,67_AL_.jpg"
205,Platoon,"Oliver Stone (dir.), Charlie Sheen, Tom Berenger",1986,8.1,354803,"https://m.media-amazon.com/images/M/MV5BM2Y1NTQyNWYtNDViNy00ZWRhLTk3MTMtOTI3ZGQ5MDFiNWM4XkEyXkFqcGdeQXVyNzkwMjQ5NzM@._V1_UX45_CR0,0,45,67_AL_.jpg"
206,Rush,"Ron Howard (dir.), Daniel Brühl, Chris Hemsworth",2013,8.1,397536,"https://m.media-amazon.com/images/M/MV5BOWEwODJmZDItYTNmZC00OGM4LThlNDktOTQzZjIzMGQxODA4XkEyXkFqcGdeQXVyNjU0OTQ0OTY@._V1_UY67_CR0,0,45,67_AL_.jpg"
207,Million Dollar Baby,"Clint Eastwood (dir.), Hilary Swank, Clint Eastwood",2004,8.1,591355,"https://m.media-amazon.com/images/M/MV5BMTkxNzA1NDQxOV5BMl5BanBnXkFtZTcwNTkyMTIzMw@@._V1_UY67_CR0,0,45,67_AL_.jpg"
208,Hachi: A Dog's Tale,"Lasse Hallström (dir.), Richard Gere, Joan Allen",2009,8.1,226518,"https://m.media-amazon.com/images/M/MV5BNzE4NDg5OWMtMzg3NC00ZDRjLTllMDMtZTRjNWZmNjBmMGZlXkEyXkFqcGdeQXVyMTMxODk2OTU@._V1_UY67_CR1,0,45,67_AL_.jpg"
209,Logan,"James Mangold (dir.), Hugh Jackman, Patrick Stewart",2017,8.1,572413,"https://m.media-amazon.com/images/M/MV5BYzc5MTU4N2EtYTkyMi00NjdhLTg3NWEtMTY4OTEyMzJhZTAzXkEyXkFqcGdeQXVyNjc1NTYyMjg@._V1_UX45_CR0,0,45,67_AL_.jpg"
210,Ben-Hur,"William Wyler (dir.), Charlton Heston, Jack Hawkins",1959,8,203400,"https://m.media-amazon.com/images/M/MV5BNjgxY2JiZDYtZmMwOC00ZmJjLWJmODUtMTNmNWNmYWI5ODkwL2ltYWdlL2ltYWdlXkEyXkFqcGdeQXVyNjc1NTYyMjg@._V1_UX45_CR0,0,45,67_AL_.jpg"
211,Hotel Rwanda,"Terry George (dir.), Don Cheadle, Sophie Okonedo",2004,8,315710,"https://m.media-amazon.com/images/M/MV5BZGJjYmIzZmQtNWE4Yy00ZGVmLWJkZGEtMzUzNmQ4ZWFlMjRhXkEyXkFqcGdeQXVyMTMxODk2OTU@._V1_UY67_CR0,0,45,67_AL_.jpg"
212,Barry Lyndon,"Stanley Kubrick (dir.), Ryan O'Neal, Marisa Berenson",1975,8,134169,"https://m.media-amazon.com/images/M/MV5BNmY0MWY2NDctZDdmMi00MjA1LTk0ZTQtZDMyZTQ1NTNlYzVjXkEyXkFqcGdeQXVyMjUzOTY1NTc@._V1_UX45_CR0,0,45,67_AL_.jpg"
213,Amores perros,"Alejandro G. Iñárritu (dir.), Emilio Echevarría, Gael García Bernal",2000,8,208563,"https://m.media-amazon.com/images/M/MV5BMWJhOTg5MWQtYTJjMi00YmFkLTg4ODgtYmU2YWVhODQ4ZDM3XkEyXkFqcGdeQXVyMTAwMzUyOTc@._V1_UY67_CR0,0,45,67_AL_.jpg"
214,Kaze no tani no Naushika,"Hayao Miyazaki (dir.), Sumi Shimamoto, Mahito Tsujimura",1984,8,129870,"https://m.media-amazon.com/images/M/MV5BODJiNmUzYmQtZTNhNS00NjY0LThmYjMtOTliOTM1NTdkYzY1XkEyXkFqcGdeQXVyNjU0OTQ0OTY@._V1_UY67_CR1,0,45,67_AL_.jpg"
215,Spotlight,"Tom McCarthy (dir.), Mark Ruffalo, Michael Keaton",2015,8,371086,"https://m.media-amazon.com/images/M/MV5BMjIyOTM5OTIzNV5BMl5BanBnXkFtZTgwMDkzODE2NjE@._V1_UY67_CR0,0,45,67_AL_.jpg"
216,Les quatre cents coups,"François Truffaut (dir.), Jean-Pierre Léaud, Albert Rémy",1959,8,93408,"https://m.media-amazon.com/images/M/MV5BYTQ4MjA4NmYtYjRhNi00MTEwLTg0NjgtNjk3ODJlZGU4NjRkL2ltYWdlL2ltYWdlXkEyXkFqcGdeQXVyNjU0OTQ0OTY@._V1_UY67_CR2,0,45,67_AL_.jpg"
217,Harry Potter and the Deathly Hallows: Part 2,"David Yates (dir.), Daniel Radcliffe, Emma Watson",2011,8,699385,"https://m.media-amazon.com/images/M/MV5BMjIyZGU4YzUtNDkzYi00ZDRhLTljYzctYTMxMDQ4M2E0Y2YxXkEyXkFqcGdeQXVyNTIzOTk5ODM@._V1_UX45_CR0,0,45,67_AL_.jpg"
218,Dead Poets Society,"Peter Weir (dir.), Robin Williams, Robert Sean Leonard",1989,8,375948,"https://m.media-amazon.com/images/M/MV5BOGYwYWNjMzgtNGU4ZC00NWQ2LWEwZjUtMzE1Zjc3NjY3YTU1XkEyXkFqcGdeQXVyMTQxNzMzNDI@._V1_UY67_CR0,0,45,67_AL_.jpg"
219,Rebecca,"Alfred Hitchcock (dir.), Laurence Olivier, Joan Fontaine",1940,8,112022,"https://m.media-amazon.com/images/M/MV5BYTcxYWExOTMtMWFmYy00ZjgzLWI0YjktNWEzYzJkZTg0NDdmL2ltYWdlXkEyXkFqcGdeQXVyNjc1NTYyMjg@._V1_UY67_CR1,0,45,67_AL_.jpg"
220,Rocky,"John G. Avildsen (dir.), Sylvester Stallone, Talia Shire",1976,8,477968,"https://m.media-amazon.com/images/M/MV5BMTY5MDMzODUyOF5BMl5BanBnXkFtZTcwMTQ3NTMyNA@@._V1_UX45_CR0,0,45,67_AL_.jpg"
221,Gangs of Wasseypur,"Anurag Kashyap (dir.), Manoj Bajpayee, Richa Chadha",2012,8,70089,"https://m.media-amazon.com/images/M/MV5BMTc5NjY4MjUwNF5BMl5BanBnXkFtZTgwODM3NzM5MzE@._V1_UY67_CR0,0,45,67_AL_.jpg"
222,El ángel exterminador,"Luis Buñuel (dir.), Silvia Pinal, Jacqueline Andere",1962,8,25441,"https://m.media-amazon.com/images/M/MV5BZjY4MWQzOTktMDlkMy00ZmQzLTk0ZmQtOWVmODAyNWE2YmUzXkEyXkFqcGdeQXVyMjUxOTQ5MzA@._V1_UY67_CR1,0,45,67_AL_.jpg"
223,Lagaan: Once Upon a Time in India,"Ashutosh Gowariker (dir.), Aamir Khan, Raghuvir Yadav",2001,8,93890,"https://m.media-amazon.com/images/M/MV5BNDYxNWUzZmYtOGQxMC00MTdkLTkxOTctYzkyOGIwNWQxZjhmXkEyXkFqcGdeQXVyNjU0OTQ0OTY@._V1_UX45_CR0,0,45,67_AL_.jpg"
224,"Monsters, Inc.","Pete Docter (dir.), Billy Crystal, John Goodman",2001,8,749374,"https://m.media-amazon.com/images/M/MV5BMTY1NTI0ODUyOF5BMl5BanBnXkFtZTgwNTEyNjQ0MDE@._V1_UY67_CR0,0,45,67_AL_.jpg"
225,It Happened One Night,"Frank Capra (dir.), Clark Gable, Claudette Colbert",1934,8,85700,"https://m.media-amazon.com/images/M/MV5BZmViYmM5OTYtNGQ4Ny00YjQyLThiNjEtYTE4MGZhZTNmZjcyL2ltYWdlL2ltYWdlXkEyXkFqcGdeQXVyNjU0OTQ0OTY@._V1_UX45_CR0,0,45,67_AL_.jpg"
226,La haine,"Mathieu Kassovitz (dir.), Vincent Cassel, Hubert Koundé",1995,8,133303,"https://m.media-amazon.com/images/M/MV5BNDNiOTA5YjktY2Q0Ni00ODgzLWE5MWItNGExOWRlYjY2MjBlXkEyXkFqcGdeQXVyNjQ2MjQ5NzM@._V1_UY67_CR1,0,45,67_AL_.jpg"
227,Munna Bhai M.B.B.S.,"Rajkumar Hirani (dir.), Sanjay Dutt, Arshad Warsi",2003,8,65472,"https://m.media-amazon.com/images/M/MV5BMzQ4MTBlYTQtMzJkYS00OGNjLTk1MWYtNzQ0OTQ0OWEyOWU1XkEyXkFqcGdeQXVyNDgyODgxNjE@._V1_UY67_CR1,0,45,67_AL_.jpg"
228,Ah-ga-ssi,"Chan-wook Park (dir.), Min-hee Kim, Jung-woo Ha",2016,8,82132,"https://m.media-amazon.com/images/M/MV5BNTE3NTI2NzE3OV5BMl5BanBnXkFtZTgwNDEzMjc4ODE@._V1_UY67_CR0,0,45,67_AL_.jpg"
229,"Swades: We, the People","Ashutosh Gowariker (dir.), Shah Rukh Khan, Gayatri Joshi",2004,8,75195,"https://m.media-amazon.com/images/M/MV5BYzExOTcwNjYtZTljMC00YTQ2LWI2YjYtNWFlYzQ0YTJhNzJmXkEyXkFqcGdeQXVyNjQ2MjQ5NzM@._V1_UY67_CR0,0,45,67_AL_.jpg"
230,The Princess Bride,"Rob Reiner (dir.), Cary Elwes, Mandy Patinkin",1987,8,363173,"https://m.media-amazon.com/images/M/MV5BMGM4M2Q5N2MtNThkZS00NTc1LTk1NTItNWEyZjJjNDRmNDk5XkEyXkFqcGdeQXVyMjA0MDQ0Mjc@._V1_UY67_CR0,0,45,67_AL_.jpg"
231,PK,"Rajkumar Hirani (dir.), Aamir Khan, Anushka Sharma",2014,8,140254,"https://m.media-amazon.com/images/M/MV5BMTYzOTE2NjkxN15BMl5BanBnXkFtZTgwMDgzMTg0MzE@._V1_UY67_CR0,0,45,67_AL_.jpg"
232,Drishyam,"Nishikant Kamat (dir.), Ajay Devgn, Shriya Saran",2015,8,56389,"https://m.media-amazon.com/images/M/MV5BYmJhZmJlYTItZmZlNy00MGY0LTg0ZGMtNWFkYWU5NTA1YTNhXkEyXkFqcGdeQXVyODE5NzE3OTE@._V1_UY67_CR0,0,45,67_AL_.jpg"
233,Butch Cassidy and the Sundance Kid,"George Roy Hill (dir.), Paul Newman, Robert Redford",1969,8,189099,"https://m.media-amazon.com/images/M/MV5BMTkyMTM2NDk5Nl5BMl5BanBnXkFtZTgwNzY1NzEyMDE@._V1_UY67_CR0,0,45,67_AL_.jpg"
234,The Help,"Tate Taylor (dir.), Emma Stone, Viola Davis",2011,8,396337,"https://m.media-amazon.com/images/M/MV5BMTM5OTMyMjIxOV5BMl5BanBnXkFtZTcwNzU4MjIwNQ@@._V1_UY67_CR0,0,45,67_AL_.jpg"
235,A Wednesday,"Neeraj Pandey (dir.), Anupam Kher, Naseeruddin Shah",2008,8,68477,"https://m.media-amazon.com/images/M/MV5BOTcwMzdiMWItMjZlOS00MzAzLTg5OTItNTA4OGYyMjBhMmRiXkEyXkFqcGdeQXVyODE5NzE3OTE@._V1_UY67_CR1,0,45,67_AL_.jpg"
236,Sholay,"Ramesh Sippy (dir.), Sanjeev Kumar, Dharmendra",1975,8,46971,"https://m.media-amazon.com/images/M/MV5BOGZiM2IwODktNTdiMC00MGU1LWEyZTYtOTk4NTkwYmJkNmI1L2ltYWdlL2ltYWdlXkEyXkFqcGdeQXVyNjU0OTQ0OTY@._V1_UY67_CR2,0,45,67_AL_.jpg"
237,Before Sunset,"Richard Linklater (dir.), Ethan Hawke, Julie Delpy",2004,8,210962,"https://m.media-amazon.com/images/M/MV5BMTQ1MjAwNTM5Ml5BMl5BanBnXkFtZTYwNDM0MTc3._V1_UY67_CR0,0,45,67_AL_.jpg"
238,"Paris, Texas","Wim Wenders (dir.), Harry Dean Stanton, Nastassja Kinski",1984,8,76220,"https://m.media-amazon.com/images/M/MV5BM2RjMmU3ZWItYzBlMy00ZmJkLWE5YzgtNTVkODdhOWM3NGZhXkEyXkFqcGdeQXVyNDA5Mjg5MjA@._V1_UX45_CR0,0,45,67_AL_.jpg"
239,Akira,"Katsuhiro Ôtomo (dir.), Mitsuo Iwata, Nozomu Sasaki",1988,8,142941,"https://m.media-amazon.com/images/M/MV5BM2ZiZTk1ODgtMTZkNS00NTYxLWIxZTUtNWExZGYwZTRjODViXkEyXkFqcGdeQXVyMTE2MzA3MDM@._V1_UY67_CR0,0,45,67_AL_.jpg"
240,The Terminator,"James Cameron (dir.), Arnold Schwarzenegger, Linda Hamilton",1984,8,737839,"https://m.media-amazon.com/images/M/MV5BYTViNzMxZjEtZGEwNy00MDNiLWIzNGQtZDY2MjQ1OWViZjFmXkEyXkFqcGdeQXVyNzkwMjQ5NzM@._V1_UX45_CR0,0,45,67_AL_.jpg"
241,"Shin seiki Evangelion Gekijô-ban: Air/Magokoro wo, kimi ni","Hideaki Anno (dir.), Megumi Ogata, Megumi Hayashibara",1997,8,29917,"https://m.media-amazon.com/images/M/MV5BOTFhODJjMzktNDhjMy00MmM4LWI5NWQtMDdhOGU1NzYxNzE1XkEyXkFqcGdeQXVyNTA4NzY1MzY@._V1_UY67_CR1,0,45,67_AL_.jpg"
242,Faa yeung nin wa,"Kar-Wai Wong (dir.), Tony Chiu-Wai Leung, Maggie Cheung",2000,8,107458,"https://m.media-amazon.com/images/M/MV5BYjZjODRlMjQtMjJlYy00ZDBjLTkyYTQtZGQxZTk5NzJhYmNmXkEyXkFqcGdeQXVyMTQxNzMzNDI@._V1_UY67_CR1,0,45,67_AL_.jpg"
243,Chak De! India,"Shimit Amin (dir.), Shah Rukh Khan, Vidya Malvade",2007,8,67266,"https://m.media-amazon.com/images/M/MV5BMTUzODMyNzk4NV5BMl5BanBnXkFtZTgwNTk1NTYyNTM@._V1_UY67_CR2,0,45,67_AL_.jpg"
244,La battaglia di Algeri,"Gillo Pontecorvo (dir.), Brahim Hadjadj, Jean Martin",1966,8,47469,"https://m.media-amazon.com/images/M/MV5BZWEzMGY4OTQtYTdmMy00M2QwLTliYTQtYWUzYzc3OTA5YzIwXkEyXkFqcGdeQXVyNjc1NTYyMjg@._V1_UY67_CR1,0,45,67_AL_.jpg"
245,La leggenda del pianista sull'oceano,"Giuseppe Tornatore (dir.), Tim Roth, Pruitt Taylor Vince",1998,8,52612,"https://m.media-amazon.com/images/M/MV5BMzIwOTdmNjQtOWQ1ZS00ZWQ4LWIxYTMtOWFkM2NjODJiMGY4L2ltYWdlL2ltYWdlXkEyXkFqcGdeQXVyNTI4MjkwNjA@._V1_UY67_CR0,0,45,67_AL_.jpg"
246,Kis Uykusu,"Nuri Bilge Ceylan (dir.), Haluk Bilginer, Melisa Sözen",2014,8,37788,"https://m.media-amazon.com/images/M/MV5BNTU1NTY2Mzg5M15BMl5BanBnXkFtZTgwNDcwNjM5MTE@._V1_UY67_CR2,0,45,67_AL_.jpg"
247,Mou gaan dou,"Andrew Lau Wai-Keung (dir.), Andy Lau, Tony Chiu-Wai Leung",2002,8,111553,"https://m.media-amazon.com/images/M/MV5BM2U0NTcxOTktN2MwZS00N2Q2LWJlYWItMTg0NWIyMDIxNzU5L2ltYWdlXkEyXkFqcGdeQXVyNTAyODkwOQ@@._V1_UY67_CR1,0,45,67_AL_.jpg"
248,Guardians of the Galaxy,"James Gunn (dir.), Chris Pratt, Vin Diesel",2014,8,964647,"https://m.media-amazon.com/images/M/MV5BMTAwMjU5OTgxNjZeQTJeQWpwZ15BbWU4MDUxNDYxODEx._V1_UY67_CR0,0,45,67_AL_.jpg"
249,Kumonosu-jô,"Akira Kurosawa (dir.), Toshirô Mifune, Minoru Chiaki",1957,8,40237,"https://m.media-amazon.com/images/M/MV5BNGYxZjA2M2ItYTRmNS00NzRmLWJkYzgtYTdiNGFlZDI5ZjNmXkEyXkFqcGdeQXVyNDE5MTU2MDE@._V1_UY67_CR0,0,45,67_AL_.jpg"
250,Le samouraï,"Jean-Pierre Melville (dir.), Alain Delon, François Périer",1967,8,39817,"https://m.media-amazon.com/images/M/MV5BMWFjZjRiM2QtZmRkOC00MDUxLTlhYmQtYmY5ZTNiMTI5Nzc2L2ltYWdlXkEyXkFqcGdeQXVyNTAyODkwOQ@@._V1_UY67_CR0,0,45,67_AL_.jpg"
